Name:Alex Beispiel,Datumsbereich:01.07.2026 - 14.07.2026
Zeitstempel,CGM-Glukosewert (mg/dl),Seriennummer
01.07.2026 00:00,"104,0",CamAPS FreeStyle Libre 3
01.07.2026 00:05,"106,0",CamAPS FreeStyle Libre 3
01.07.2026 00:10,"114,0",CamAPS FreeStyle Libre 3
01.07.2026 00:15,"108,0",CamAPS FreeStyle Libre 3
01.07.2026 00:20,"112,0",CamAPS FreeStyle Libre 3
01.07.2026 00:25,"104,0",CamAPS FreeStyle Libre 3
01.07.2026 00:30,"95,0",CamAPS FreeStyle Libre 3
01.07.2026 00:35,"93,0",CamAPS FreeStyle Libre 3
01.07.2026 00:40,"94,0",CamAPS FreeStyle Libre 3
01.07.2026 00:45,"93,0",CamAPS FreeStyle Libre 3
01.07.2026 00:55,"90,0",CamAPS FreeStyle Libre 3
01.07.2026 01:00,"94,0",CamAPS FreeStyle Libre 3
01.07.2026 01:10,"93,0",CamAPS FreeStyle Libre 3
01.07.2026 01:15,"95,0",CamAPS FreeStyle Libre 3
01.07.2026 01:20,"94,0",CamAPS FreeStyle Libre 3
01.07.2026 01:25,"95,0",CamAPS FreeStyle Libre 3
01.07.2026 01:30,"87,0",CamAPS FreeStyle Libre 3
01.07.2026 01:35,"93,0",CamAPS FreeStyle Libre 3
01.07.2026 01:40,"98,0",CamAPS FreeStyle Libre 3
01.07.2026 01:45,"101,0",CamAPS FreeStyle Libre 3
01.07.2026 01:50,"99,0",CamAPS FreeStyle Libre 3
01.07.2026 01:55,"90,0",CamAPS FreeStyle Libre 3
01.07.2026 02:00,"89,0",CamAPS FreeStyle Libre 3
01.07.2026 02:05,"89,0",CamAPS FreeStyle Libre 3
01.07.2026 02:15,"95,0",CamAPS FreeStyle Libre 3
01.07.2026 02:20,"97,0",CamAPS FreeStyle Libre 3
01.07.2026 02:25,"98,0",CamAPS FreeStyle Libre 3
01.07.2026 02:35,"96,0",CamAPS FreeStyle Libre 3
01.07.2026 02:40,"107,0",CamAPS FreeStyle Libre 3
01.07.2026 02:45,"114,0",CamAPS FreeStyle Libre 3
01.07.2026 02:50,"110,0",CamAPS FreeStyle Libre 3
01.07.2026 03:00,"94,0",CamAPS FreeStyle Libre 3
01.07.2026 03:05,"105,0",CamAPS FreeStyle Libre 3
01.07.2026 03:10,"109,0",CamAPS FreeStyle Libre 3
01.07.2026 03:15,"109,0",CamAPS FreeStyle Libre 3
01.07.2026 03:20,"109,0",CamAPS FreeStyle Libre 3
01.07.2026 03:25,"105,0",CamAPS FreeStyle Libre 3
01.07.2026 03:30,"111,0",CamAPS FreeStyle Libre 3
01.07.2026 03:35,"106,0",CamAPS FreeStyle Libre 3
01.07.2026 03:40,"101,0",CamAPS FreeStyle Libre 3
01.07.2026 03:45,"97,0",CamAPS FreeStyle Libre 3
01.07.2026 03:50,"99,0",CamAPS FreeStyle Libre 3
01.07.2026 03:55,"106,0",CamAPS FreeStyle Libre 3
01.07.2026 04:00,"105,0",CamAPS FreeStyle Libre 3
01.07.2026 04:05,"99,0",CamAPS FreeStyle Libre 3
01.07.2026 04:10,"106,0",CamAPS FreeStyle Libre 3
01.07.2026 04:15,"102,0",CamAPS FreeStyle Libre 3
01.07.2026 04:20,"112,0",CamAPS FreeStyle Libre 3
01.07.2026 04:25,"106,0",CamAPS FreeStyle Libre 3
01.07.2026 04:30,"108,0",CamAPS FreeStyle Libre 3
01.07.2026 04:35,"118,0",CamAPS FreeStyle Libre 3
01.07.2026 04:40,"122,0",CamAPS FreeStyle Libre 3
01.07.2026 04:45,"124,0",CamAPS FreeStyle Libre 3
01.07.2026 04:50,"129,0",CamAPS FreeStyle Libre 3
01.07.2026 04:55,"126,0",CamAPS FreeStyle Libre 3
01.07.2026 05:00,"130,0",CamAPS FreeStyle Libre 3
01.07.2026 05:05,"129,0",CamAPS FreeStyle Libre 3
01.07.2026 05:10,"119,0",CamAPS FreeStyle Libre 3
01.07.2026 05:15,"123,0",CamAPS FreeStyle Libre 3
01.07.2026 05:20,"134,0",CamAPS FreeStyle Libre 3
01.07.2026 05:25,"128,0",CamAPS FreeStyle Libre 3
01.07.2026 05:35,"141,0",CamAPS FreeStyle Libre 3
01.07.2026 05:40,"131,0",CamAPS FreeStyle Libre 3
01.07.2026 05:45,"129,0",CamAPS FreeStyle Libre 3
01.07.2026 05:50,"133,0",CamAPS FreeStyle Libre 3
01.07.2026 05:55,"139,0",CamAPS FreeStyle Libre 3
01.07.2026 06:00,"144,0",CamAPS FreeStyle Libre 3
01.07.2026 06:05,"150,0",CamAPS FreeStyle Libre 3
01.07.2026 06:10,"159,0",CamAPS FreeStyle Libre 3
01.07.2026 06:15,"147,0",CamAPS FreeStyle Libre 3
01.07.2026 06:20,"143,0",CamAPS FreeStyle Libre 3
01.07.2026 06:25,"148,0",CamAPS FreeStyle Libre 3
01.07.2026 06:30,"146,0",CamAPS FreeStyle Libre 3
01.07.2026 06:35,"156,0",CamAPS FreeStyle Libre 3
01.07.2026 06:40,"147,0",CamAPS FreeStyle Libre 3
01.07.2026 06:45,"144,0",CamAPS FreeStyle Libre 3
01.07.2026 06:50,"145,0",CamAPS FreeStyle Libre 3
01.07.2026 06:55,"136,0",CamAPS FreeStyle Libre 3
01.07.2026 07:05,"131,0",CamAPS FreeStyle Libre 3
01.07.2026 07:10,"131,0",CamAPS FreeStyle Libre 3
01.07.2026 07:15,"140,0",CamAPS FreeStyle Libre 3
01.07.2026 07:20,"150,0",CamAPS FreeStyle Libre 3
01.07.2026 07:25,"157,0",CamAPS FreeStyle Libre 3
01.07.2026 07:30,"168,0",CamAPS FreeStyle Libre 3
01.07.2026 07:35,"172,0",CamAPS FreeStyle Libre 3
01.07.2026 07:40,"182,0",CamAPS FreeStyle Libre 3
01.07.2026 07:45,"188,0",CamAPS FreeStyle Libre 3
01.07.2026 07:50,"194,0",CamAPS FreeStyle Libre 3
01.07.2026 07:55,"189,0",CamAPS FreeStyle Libre 3
01.07.2026 08:00,"190,0",CamAPS FreeStyle Libre 3
01.07.2026 08:05,"188,0",CamAPS FreeStyle Libre 3
01.07.2026 08:10,"191,0",CamAPS FreeStyle Libre 3
01.07.2026 08:15,"184,0",CamAPS FreeStyle Libre 3
01.07.2026 08:20,"173,0",CamAPS FreeStyle Libre 3
01.07.2026 08:25,"162,0",CamAPS FreeStyle Libre 3
01.07.2026 08:30,"153,0",CamAPS FreeStyle Libre 3
01.07.2026 08:40,"143,0",CamAPS FreeStyle Libre 3
01.07.2026 08:45,"134,0",CamAPS FreeStyle Libre 3
01.07.2026 08:50,"131,0",CamAPS FreeStyle Libre 3
01.07.2026 08:55,"124,0",CamAPS FreeStyle Libre 3
01.07.2026 09:00,"124,0",CamAPS FreeStyle Libre 3
01.07.2026 09:05,"115,0",CamAPS FreeStyle Libre 3
01.07.2026 09:10,"119,0",CamAPS FreeStyle Libre 3
01.07.2026 09:15,"108,0",CamAPS FreeStyle Libre 3
01.07.2026 09:20,"94,0",CamAPS FreeStyle Libre 3
01.07.2026 09:25,"88,0",CamAPS FreeStyle Libre 3
01.07.2026 09:30,"94,0",CamAPS FreeStyle Libre 3
01.07.2026 09:35,"97,0",CamAPS FreeStyle Libre 3
01.07.2026 09:40,"91,0",CamAPS FreeStyle Libre 3
01.07.2026 09:45,"94,0",CamAPS FreeStyle Libre 3
01.07.2026 09:50,"84,0",CamAPS FreeStyle Libre 3
01.07.2026 09:55,"77,0",CamAPS FreeStyle Libre 3
01.07.2026 10:00,"77,0",CamAPS FreeStyle Libre 3
01.07.2026 10:05,"77,0",CamAPS FreeStyle Libre 3
01.07.2026 10:10,"75,0",CamAPS FreeStyle Libre 3
01.07.2026 10:15,"74,0",CamAPS FreeStyle Libre 3
01.07.2026 10:20,"72,0",CamAPS FreeStyle Libre 3
01.07.2026 10:25,"73,0",CamAPS FreeStyle Libre 3
01.07.2026 10:30,"63,0",CamAPS FreeStyle Libre 3
01.07.2026 10:35,"52,0",CamAPS FreeStyle Libre 3
01.07.2026 10:40,"52,0",CamAPS FreeStyle Libre 3
01.07.2026 10:45,"44,0",CamAPS FreeStyle Libre 3
01.07.2026 10:50,"42,0",CamAPS FreeStyle Libre 3
01.07.2026 10:55,"42,0",CamAPS FreeStyle Libre 3
01.07.2026 11:00,"43,0",CamAPS FreeStyle Libre 3
01.07.2026 11:05,"42,0",CamAPS FreeStyle Libre 3
01.07.2026 11:10,"47,0",CamAPS FreeStyle Libre 3
01.07.2026 11:15,"108,0",CamAPS FreeStyle Libre 3
01.07.2026 11:20,"104,0",CamAPS FreeStyle Libre 3
01.07.2026 11:25,"96,0",CamAPS FreeStyle Libre 3
01.07.2026 11:30,"93,0",CamAPS FreeStyle Libre 3
01.07.2026 11:35,"98,0",CamAPS FreeStyle Libre 3
01.07.2026 11:40,"99,0",CamAPS FreeStyle Libre 3
01.07.2026 11:45,"100,0",CamAPS FreeStyle Libre 3
01.07.2026 11:50,"101,0",CamAPS FreeStyle Libre 3
01.07.2026 11:55,"106,0",CamAPS FreeStyle Libre 3
01.07.2026 12:00,"105,0",CamAPS FreeStyle Libre 3
01.07.2026 12:05,"103,0",CamAPS FreeStyle Libre 3
01.07.2026 12:10,"97,0",CamAPS FreeStyle Libre 3
01.07.2026 12:15,"103,0",CamAPS FreeStyle Libre 3
01.07.2026 12:20,"147,0",CamAPS FreeStyle Libre 3
01.07.2026 12:25,"171,0",CamAPS FreeStyle Libre 3
01.07.2026 12:30,"192,0",CamAPS FreeStyle Libre 3
01.07.2026 12:35,"219,0",CamAPS FreeStyle Libre 3
01.07.2026 12:40,"235,0",CamAPS FreeStyle Libre 3
01.07.2026 12:45,"251,0",CamAPS FreeStyle Libre 3
01.07.2026 12:50,"272,0",CamAPS FreeStyle Libre 3
01.07.2026 12:55,"281,0",CamAPS FreeStyle Libre 3
01.07.2026 13:00,"284,0",CamAPS FreeStyle Libre 3
01.07.2026 13:05,"296,0",CamAPS FreeStyle Libre 3
01.07.2026 13:10,"296,0",CamAPS FreeStyle Libre 3
01.07.2026 13:15,"296,0",CamAPS FreeStyle Libre 3
01.07.2026 13:20,"292,0",CamAPS FreeStyle Libre 3
01.07.2026 13:25,"288,0",CamAPS FreeStyle Libre 3
01.07.2026 13:30,"277,0",CamAPS FreeStyle Libre 3
01.07.2026 13:35,"275,0",CamAPS FreeStyle Libre 3
01.07.2026 13:40,"268,0",CamAPS FreeStyle Libre 3
01.07.2026 13:45,"260,0",CamAPS FreeStyle Libre 3
01.07.2026 13:50,"246,0",CamAPS FreeStyle Libre 3
01.07.2026 13:55,"240,0",CamAPS FreeStyle Libre 3
01.07.2026 14:00,"237,0",CamAPS FreeStyle Libre 3
01.07.2026 14:05,"224,0",CamAPS FreeStyle Libre 3
01.07.2026 14:10,"217,0",CamAPS FreeStyle Libre 3
01.07.2026 14:15,"207,0",CamAPS FreeStyle Libre 3
01.07.2026 14:25,"206,0",CamAPS FreeStyle Libre 3
01.07.2026 14:30,"203,0",CamAPS FreeStyle Libre 3
01.07.2026 14:35,"200,0",CamAPS FreeStyle Libre 3
01.07.2026 14:40,"204,0",CamAPS FreeStyle Libre 3
01.07.2026 14:45,"196,0",CamAPS FreeStyle Libre 3
01.07.2026 14:50,"187,0",CamAPS FreeStyle Libre 3
01.07.2026 14:55,"182,0",CamAPS FreeStyle Libre 3
01.07.2026 15:00,"185,0",CamAPS FreeStyle Libre 3
01.07.2026 15:05,"181,0",CamAPS FreeStyle Libre 3
01.07.2026 15:10,"181,0",CamAPS FreeStyle Libre 3
01.07.2026 15:15,"174,0",CamAPS FreeStyle Libre 3
01.07.2026 15:20,"175,0",CamAPS FreeStyle Libre 3
01.07.2026 15:25,"171,0",CamAPS FreeStyle Libre 3
01.07.2026 15:30,"181,0",CamAPS FreeStyle Libre 3
01.07.2026 15:35,"177,0",CamAPS FreeStyle Libre 3
01.07.2026 15:40,"175,0",CamAPS FreeStyle Libre 3
01.07.2026 15:45,"170,0",CamAPS FreeStyle Libre 3
01.07.2026 15:50,"170,0",CamAPS FreeStyle Libre 3
01.07.2026 15:55,"172,0",CamAPS FreeStyle Libre 3
01.07.2026 16:00,"175,0",CamAPS FreeStyle Libre 3
01.07.2026 16:05,"176,0",CamAPS FreeStyle Libre 3
01.07.2026 16:10,"175,0",CamAPS FreeStyle Libre 3
01.07.2026 16:15,"172,0",CamAPS FreeStyle Libre 3
01.07.2026 16:20,"109,0",CamAPS FreeStyle Libre 3
01.07.2026 16:25,"105,0",CamAPS FreeStyle Libre 3
01.07.2026 16:30,"105,0",CamAPS FreeStyle Libre 3
01.07.2026 16:35,"103,0",CamAPS FreeStyle Libre 3
01.07.2026 16:40,"108,0",CamAPS FreeStyle Libre 3
01.07.2026 16:45,"107,0",CamAPS FreeStyle Libre 3
01.07.2026 16:50,"112,0",CamAPS FreeStyle Libre 3
01.07.2026 16:55,"115,0",CamAPS FreeStyle Libre 3
01.07.2026 17:00,"112,0",CamAPS FreeStyle Libre 3
01.07.2026 17:05,"97,0",CamAPS FreeStyle Libre 3
01.07.2026 17:10,"105,0",CamAPS FreeStyle Libre 3
01.07.2026 17:15,"103,0",CamAPS FreeStyle Libre 3
01.07.2026 17:20,"104,0",CamAPS FreeStyle Libre 3
01.07.2026 17:25,"103,0",CamAPS FreeStyle Libre 3
01.07.2026 17:30,"99,0",CamAPS FreeStyle Libre 3
01.07.2026 17:35,"98,0",CamAPS FreeStyle Libre 3
01.07.2026 17:40,"98,0",CamAPS FreeStyle Libre 3
01.07.2026 17:45,"93,0",CamAPS FreeStyle Libre 3
01.07.2026 17:50,"95,0",CamAPS FreeStyle Libre 3
01.07.2026 18:00,"94,0",CamAPS FreeStyle Libre 3
01.07.2026 18:05,"92,0",CamAPS FreeStyle Libre 3
01.07.2026 18:10,"94,0",CamAPS FreeStyle Libre 3
01.07.2026 18:15,"101,0",CamAPS FreeStyle Libre 3
01.07.2026 18:20,"102,0",CamAPS FreeStyle Libre 3
01.07.2026 18:25,"98,0",CamAPS FreeStyle Libre 3
01.07.2026 18:30,"94,0",CamAPS FreeStyle Libre 3
01.07.2026 18:35,"96,0",CamAPS FreeStyle Libre 3
01.07.2026 18:40,"98,0",CamAPS FreeStyle Libre 3
01.07.2026 18:45,"98,0",CamAPS FreeStyle Libre 3
01.07.2026 18:50,"104,0",CamAPS FreeStyle Libre 3
01.07.2026 18:55,"98,0",CamAPS FreeStyle Libre 3
01.07.2026 19:00,"103,0",CamAPS FreeStyle Libre 3
01.07.2026 19:05,"98,0",CamAPS FreeStyle Libre 3
01.07.2026 19:10,"97,0",CamAPS FreeStyle Libre 3
01.07.2026 19:15,"102,0",CamAPS FreeStyle Libre 3
01.07.2026 19:20,"116,0",CamAPS FreeStyle Libre 3
01.07.2026 19:25,"154,0",CamAPS FreeStyle Libre 3
01.07.2026 19:30,"180,0",CamAPS FreeStyle Libre 3
01.07.2026 19:35,"198,0",CamAPS FreeStyle Libre 3
01.07.2026 19:40,"217,0",CamAPS FreeStyle Libre 3
01.07.2026 19:45,"220,0",CamAPS FreeStyle Libre 3
01.07.2026 19:50,"224,0",CamAPS FreeStyle Libre 3
01.07.2026 19:55,"236,0",CamAPS FreeStyle Libre 3
01.07.2026 20:00,"242,0",CamAPS FreeStyle Libre 3
01.07.2026 20:05,"253,0",CamAPS FreeStyle Libre 3
01.07.2026 20:10,"248,0",CamAPS FreeStyle Libre 3
01.07.2026 20:15,"231,0",CamAPS FreeStyle Libre 3
01.07.2026 20:20,"219,0",CamAPS FreeStyle Libre 3
01.07.2026 20:25,"213,0",CamAPS FreeStyle Libre 3
01.07.2026 20:30,"206,0",CamAPS FreeStyle Libre 3
01.07.2026 20:35,"205,0",CamAPS FreeStyle Libre 3
01.07.2026 20:40,"193,0",CamAPS FreeStyle Libre 3
01.07.2026 20:45,"188,0",CamAPS FreeStyle Libre 3
01.07.2026 20:50,"176,0",CamAPS FreeStyle Libre 3
01.07.2026 20:55,"170,0",CamAPS FreeStyle Libre 3
01.07.2026 21:00,"160,0",CamAPS FreeStyle Libre 3
01.07.2026 21:05,"150,0",CamAPS FreeStyle Libre 3
01.07.2026 21:10,"146,0",CamAPS FreeStyle Libre 3
01.07.2026 21:15,"145,0",CamAPS FreeStyle Libre 3
01.07.2026 21:20,"134,0",CamAPS FreeStyle Libre 3
01.07.2026 21:30,"135,0",CamAPS FreeStyle Libre 3
01.07.2026 21:35,"135,0",CamAPS FreeStyle Libre 3
01.07.2026 21:40,"130,0",CamAPS FreeStyle Libre 3
01.07.2026 21:45,"127,0",CamAPS FreeStyle Libre 3
01.07.2026 21:50,"120,0",CamAPS FreeStyle Libre 3
01.07.2026 21:55,"117,0",CamAPS FreeStyle Libre 3
01.07.2026 22:00,"120,0",CamAPS FreeStyle Libre 3
01.07.2026 22:05,"119,0",CamAPS FreeStyle Libre 3
01.07.2026 22:10,"111,0",CamAPS FreeStyle Libre 3
01.07.2026 22:15,"105,0",CamAPS FreeStyle Libre 3
01.07.2026 22:20,"108,0",CamAPS FreeStyle Libre 3
01.07.2026 22:25,"113,0",CamAPS FreeStyle Libre 3
01.07.2026 22:30,"110,0",CamAPS FreeStyle Libre 3
01.07.2026 22:35,"117,0",CamAPS FreeStyle Libre 3
01.07.2026 22:40,"113,0",CamAPS FreeStyle Libre 3
01.07.2026 22:45,"115,0",CamAPS FreeStyle Libre 3
01.07.2026 22:50,"111,0",CamAPS FreeStyle Libre 3
01.07.2026 22:55,"110,0",CamAPS FreeStyle Libre 3
01.07.2026 23:00,"102,0",CamAPS FreeStyle Libre 3
01.07.2026 23:05,"98,0",CamAPS FreeStyle Libre 3
01.07.2026 23:10,"95,0",CamAPS FreeStyle Libre 3
01.07.2026 23:15,"98,0",CamAPS FreeStyle Libre 3
01.07.2026 23:20,"89,0",CamAPS FreeStyle Libre 3
01.07.2026 23:25,"94,0",CamAPS FreeStyle Libre 3
01.07.2026 23:30,"99,0",CamAPS FreeStyle Libre 3
01.07.2026 23:35,"94,0",CamAPS FreeStyle Libre 3
01.07.2026 23:40,"98,0",CamAPS FreeStyle Libre 3
01.07.2026 23:45,"94,0",CamAPS FreeStyle Libre 3
01.07.2026 23:50,"106,0",CamAPS FreeStyle Libre 3
01.07.2026 23:55,"108,0",CamAPS FreeStyle Libre 3
02.07.2026 00:00,"115,0",CamAPS FreeStyle Libre 3
02.07.2026 00:05,"117,0",CamAPS FreeStyle Libre 3
02.07.2026 00:10,"122,0",CamAPS FreeStyle Libre 3
02.07.2026 00:15,"117,0",CamAPS FreeStyle Libre 3
02.07.2026 00:20,"112,0",CamAPS FreeStyle Libre 3
02.07.2026 00:25,"117,0",CamAPS FreeStyle Libre 3
02.07.2026 00:30,"116,0",CamAPS FreeStyle Libre 3
02.07.2026 00:35,"108,0",CamAPS FreeStyle Libre 3
02.07.2026 00:40,"115,0",CamAPS FreeStyle Libre 3
02.07.2026 00:45,"118,0",CamAPS FreeStyle Libre 3
02.07.2026 00:50,"117,0",CamAPS FreeStyle Libre 3
02.07.2026 00:55,"115,0",CamAPS FreeStyle Libre 3
02.07.2026 01:00,"118,0",CamAPS FreeStyle Libre 3
02.07.2026 01:05,"115,0",CamAPS FreeStyle Libre 3
02.07.2026 01:10,"119,0",CamAPS FreeStyle Libre 3
02.07.2026 01:15,"126,0",CamAPS FreeStyle Libre 3
02.07.2026 01:20,"121,0",CamAPS FreeStyle Libre 3
02.07.2026 01:25,"120,0",CamAPS FreeStyle Libre 3
02.07.2026 01:30,"115,0",CamAPS FreeStyle Libre 3
02.07.2026 01:35,"114,0",CamAPS FreeStyle Libre 3
02.07.2026 01:45,"109,0",CamAPS FreeStyle Libre 3
02.07.2026 01:50,"117,0",CamAPS FreeStyle Libre 3
02.07.2026 01:55,"120,0",CamAPS FreeStyle Libre 3
02.07.2026 02:00,"111,0",CamAPS FreeStyle Libre 3
02.07.2026 02:05,"110,0",CamAPS FreeStyle Libre 3
02.07.2026 02:10,"109,0",CamAPS FreeStyle Libre 3
02.07.2026 02:15,"115,0",CamAPS FreeStyle Libre 3
02.07.2026 02:20,"115,0",CamAPS FreeStyle Libre 3
02.07.2026 02:25,"116,0",CamAPS FreeStyle Libre 3
02.07.2026 02:30,"117,0",CamAPS FreeStyle Libre 3
02.07.2026 02:35,"117,0",CamAPS FreeStyle Libre 3
02.07.2026 02:40,"125,0",CamAPS FreeStyle Libre 3
02.07.2026 02:45,"122,0",CamAPS FreeStyle Libre 3
02.07.2026 02:50,"124,0",CamAPS FreeStyle Libre 3
02.07.2026 02:55,"117,0",CamAPS FreeStyle Libre 3
02.07.2026 03:00,"119,0",CamAPS FreeStyle Libre 3
02.07.2026 03:05,"130,0",CamAPS FreeStyle Libre 3
02.07.2026 03:10,"129,0",CamAPS FreeStyle Libre 3
02.07.2026 03:15,"124,0",CamAPS FreeStyle Libre 3
02.07.2026 03:20,"116,0",CamAPS FreeStyle Libre 3
02.07.2026 03:25,"115,0",CamAPS FreeStyle Libre 3
02.07.2026 03:30,"119,0",CamAPS FreeStyle Libre 3
02.07.2026 03:35,"117,0",CamAPS FreeStyle Libre 3
02.07.2026 03:40,"114,0",CamAPS FreeStyle Libre 3
02.07.2026 03:45,"121,0",CamAPS FreeStyle Libre 3
02.07.2026 03:50,"129,0",CamAPS FreeStyle Libre 3
02.07.2026 03:55,"119,0",CamAPS FreeStyle Libre 3
02.07.2026 04:00,"121,0",CamAPS FreeStyle Libre 3
02.07.2026 04:05,"135,0",CamAPS FreeStyle Libre 3
02.07.2026 04:10,"132,0",CamAPS FreeStyle Libre 3
02.07.2026 04:15,"135,0",CamAPS FreeStyle Libre 3
02.07.2026 04:20,"140,0",CamAPS FreeStyle Libre 3
02.07.2026 04:25,"141,0",CamAPS FreeStyle Libre 3
02.07.2026 04:30,"142,0",CamAPS FreeStyle Libre 3
02.07.2026 04:35,"148,0",CamAPS FreeStyle Libre 3
02.07.2026 04:40,"141,0",CamAPS FreeStyle Libre 3
02.07.2026 04:45,"150,0",CamAPS FreeStyle Libre 3
02.07.2026 04:50,"158,0",CamAPS FreeStyle Libre 3
02.07.2026 04:55,"159,0",CamAPS FreeStyle Libre 3
02.07.2026 05:00,"160,0",CamAPS FreeStyle Libre 3
02.07.2026 05:05,"155,0",CamAPS FreeStyle Libre 3
02.07.2026 05:10,"159,0",CamAPS FreeStyle Libre 3
02.07.2026 05:15,"162,0",CamAPS FreeStyle Libre 3
02.07.2026 05:20,"165,0",CamAPS FreeStyle Libre 3
02.07.2026 05:25,"165,0",CamAPS FreeStyle Libre 3
02.07.2026 05:30,"157,0",CamAPS FreeStyle Libre 3
02.07.2026 05:35,"156,0",CamAPS FreeStyle Libre 3
02.07.2026 05:40,"161,0",CamAPS FreeStyle Libre 3
02.07.2026 05:45,"159,0",CamAPS FreeStyle Libre 3
02.07.2026 05:50,"161,0",CamAPS FreeStyle Libre 3
02.07.2026 05:55,"169,0",CamAPS FreeStyle Libre 3
02.07.2026 06:00,"163,0",CamAPS FreeStyle Libre 3
02.07.2026 06:05,"161,0",CamAPS FreeStyle Libre 3
02.07.2026 06:10,"159,0",CamAPS FreeStyle Libre 3
02.07.2026 06:15,"157,0",CamAPS FreeStyle Libre 3
02.07.2026 06:20,"149,0",CamAPS FreeStyle Libre 3
02.07.2026 06:25,"152,0",CamAPS FreeStyle Libre 3
02.07.2026 06:30,"162,0",CamAPS FreeStyle Libre 3
02.07.2026 06:40,"145,0",CamAPS FreeStyle Libre 3
02.07.2026 06:45,"151,0",CamAPS FreeStyle Libre 3
02.07.2026 06:50,"149,0",CamAPS FreeStyle Libre 3
02.07.2026 06:55,"147,0",CamAPS FreeStyle Libre 3
02.07.2026 07:00,"143,0",CamAPS FreeStyle Libre 3
02.07.2026 07:05,"171,0",CamAPS FreeStyle Libre 3
02.07.2026 07:10,"188,0",CamAPS FreeStyle Libre 3
02.07.2026 07:15,"201,0",CamAPS FreeStyle Libre 3
02.07.2026 07:20,"219,0",CamAPS FreeStyle Libre 3
02.07.2026 07:25,"233,0",CamAPS FreeStyle Libre 3
02.07.2026 07:30,"232,0",CamAPS FreeStyle Libre 3
02.07.2026 07:35,"240,0",CamAPS FreeStyle Libre 3
02.07.2026 07:40,"251,0",CamAPS FreeStyle Libre 3
02.07.2026 07:45,"250,0",CamAPS FreeStyle Libre 3
02.07.2026 07:50,"244,0",CamAPS FreeStyle Libre 3
02.07.2026 07:55,"240,0",CamAPS FreeStyle Libre 3
02.07.2026 08:00,"229,0",CamAPS FreeStyle Libre 3
02.07.2026 08:05,"229,0",CamAPS FreeStyle Libre 3
02.07.2026 08:10,"220,0",CamAPS FreeStyle Libre 3
02.07.2026 08:15,"216,0",CamAPS FreeStyle Libre 3
02.07.2026 08:20,"208,0",CamAPS FreeStyle Libre 3
02.07.2026 08:25,"203,0",CamAPS FreeStyle Libre 3
02.07.2026 08:30,"202,0",CamAPS FreeStyle Libre 3
02.07.2026 08:35,"196,0",CamAPS FreeStyle Libre 3
02.07.2026 08:40,"190,0",CamAPS FreeStyle Libre 3
02.07.2026 08:45,"180,0",CamAPS FreeStyle Libre 3
02.07.2026 08:50,"163,0",CamAPS FreeStyle Libre 3
02.07.2026 08:55,"160,0",CamAPS FreeStyle Libre 3
02.07.2026 09:00,"160,0",CamAPS FreeStyle Libre 3
02.07.2026 09:05,"157,0",CamAPS FreeStyle Libre 3
02.07.2026 09:10,"149,0",CamAPS FreeStyle Libre 3
02.07.2026 09:15,"148,0",CamAPS FreeStyle Libre 3
02.07.2026 09:20,"143,0",CamAPS FreeStyle Libre 3
02.07.2026 09:25,"135,0",CamAPS FreeStyle Libre 3
02.07.2026 09:30,"135,0",CamAPS FreeStyle Libre 3
02.07.2026 09:35,"137,0",CamAPS FreeStyle Libre 3
02.07.2026 09:40,"138,0",CamAPS FreeStyle Libre 3
02.07.2026 09:45,"115,0",CamAPS FreeStyle Libre 3
02.07.2026 09:50,"114,0",CamAPS FreeStyle Libre 3
02.07.2026 09:55,"120,0",CamAPS FreeStyle Libre 3
02.07.2026 10:00,"120,0",CamAPS FreeStyle Libre 3
02.07.2026 10:05,"120,0",CamAPS FreeStyle Libre 3
02.07.2026 10:10,"119,0",CamAPS FreeStyle Libre 3
02.07.2026 10:15,"118,0",CamAPS FreeStyle Libre 3
02.07.2026 10:20,"115,0",CamAPS FreeStyle Libre 3
02.07.2026 10:25,"117,0",CamAPS FreeStyle Libre 3
02.07.2026 10:30,"110,0",CamAPS FreeStyle Libre 3
02.07.2026 10:35,"121,0",CamAPS FreeStyle Libre 3
02.07.2026 10:40,"119,0",CamAPS FreeStyle Libre 3
02.07.2026 10:45,"121,0",CamAPS FreeStyle Libre 3
02.07.2026 10:50,"120,0",CamAPS FreeStyle Libre 3
02.07.2026 10:55,"114,0",CamAPS FreeStyle Libre 3
02.07.2026 11:00,"122,0",CamAPS FreeStyle Libre 3
02.07.2026 11:05,"129,0",CamAPS FreeStyle Libre 3
02.07.2026 11:10,"133,0",CamAPS FreeStyle Libre 3
02.07.2026 11:15,"128,0",CamAPS FreeStyle Libre 3
02.07.2026 11:20,"128,0",CamAPS FreeStyle Libre 3
02.07.2026 11:25,"121,0",CamAPS FreeStyle Libre 3
02.07.2026 11:30,"123,0",CamAPS FreeStyle Libre 3
02.07.2026 11:35,"120,0",CamAPS FreeStyle Libre 3
02.07.2026 11:40,"117,0",CamAPS FreeStyle Libre 3
02.07.2026 11:45,"120,0",CamAPS FreeStyle Libre 3
02.07.2026 11:50,"123,0",CamAPS FreeStyle Libre 3
02.07.2026 11:55,"124,0",CamAPS FreeStyle Libre 3
02.07.2026 12:00,"121,0",CamAPS FreeStyle Libre 3
02.07.2026 12:05,"115,0",CamAPS FreeStyle Libre 3
02.07.2026 12:15,"119,0",CamAPS FreeStyle Libre 3
02.07.2026 12:20,"122,0",CamAPS FreeStyle Libre 3
02.07.2026 12:25,"124,0",CamAPS FreeStyle Libre 3
02.07.2026 12:30,"118,0",CamAPS FreeStyle Libre 3
02.07.2026 12:35,"119,0",CamAPS FreeStyle Libre 3
02.07.2026 12:40,"124,0",CamAPS FreeStyle Libre 3
02.07.2026 12:45,"120,0",CamAPS FreeStyle Libre 3
02.07.2026 12:50,"114,0",CamAPS FreeStyle Libre 3
02.07.2026 12:55,"124,0",CamAPS FreeStyle Libre 3
02.07.2026 13:00,"120,0",CamAPS FreeStyle Libre 3
02.07.2026 13:05,"151,0",CamAPS FreeStyle Libre 3
02.07.2026 13:10,"178,0",CamAPS FreeStyle Libre 3
02.07.2026 13:15,"199,0",CamAPS FreeStyle Libre 3
02.07.2026 13:20,"227,0",CamAPS FreeStyle Libre 3
02.07.2026 13:25,"247,0",CamAPS FreeStyle Libre 3
02.07.2026 13:30,"250,0",CamAPS FreeStyle Libre 3
02.07.2026 13:35,"257,0",CamAPS FreeStyle Libre 3
02.07.2026 13:40,"251,0",CamAPS FreeStyle Libre 3
02.07.2026 13:45,"263,0",CamAPS FreeStyle Libre 3
02.07.2026 13:50,"271,0",CamAPS FreeStyle Libre 3
02.07.2026 13:55,"270,0",CamAPS FreeStyle Libre 3
02.07.2026 14:00,"250,0",CamAPS FreeStyle Libre 3
02.07.2026 14:05,"247,0",CamAPS FreeStyle Libre 3
02.07.2026 14:10,"242,0",CamAPS FreeStyle Libre 3
02.07.2026 14:15,"234,0",CamAPS FreeStyle Libre 3
02.07.2026 14:25,"215,0",CamAPS FreeStyle Libre 3
02.07.2026 14:30,"203,0",CamAPS FreeStyle Libre 3
02.07.2026 14:35,"196,0",CamAPS FreeStyle Libre 3
02.07.2026 14:40,"187,0",CamAPS FreeStyle Libre 3
02.07.2026 14:45,"194,0",CamAPS FreeStyle Libre 3
02.07.2026 14:50,"186,0",CamAPS FreeStyle Libre 3
02.07.2026 14:55,"179,0",CamAPS FreeStyle Libre 3
02.07.2026 15:00,"174,0",CamAPS FreeStyle Libre 3
02.07.2026 15:05,"170,0",CamAPS FreeStyle Libre 3
02.07.2026 15:10,"164,0",CamAPS FreeStyle Libre 3
02.07.2026 15:15,"161,0",CamAPS FreeStyle Libre 3
02.07.2026 15:20,"160,0",CamAPS FreeStyle Libre 3
02.07.2026 15:25,"159,0",CamAPS FreeStyle Libre 3
02.07.2026 15:30,"158,0",CamAPS FreeStyle Libre 3
02.07.2026 15:35,"149,0",CamAPS FreeStyle Libre 3
02.07.2026 15:40,"154,0",CamAPS FreeStyle Libre 3
02.07.2026 15:50,"149,0",CamAPS FreeStyle Libre 3
02.07.2026 16:00,"153,0",CamAPS FreeStyle Libre 3
02.07.2026 16:05,"154,0",CamAPS FreeStyle Libre 3
02.07.2026 16:10,"149,0",CamAPS FreeStyle Libre 3
02.07.2026 16:15,"148,0",CamAPS FreeStyle Libre 3
02.07.2026 16:20,"156,0",CamAPS FreeStyle Libre 3
02.07.2026 16:25,"155,0",CamAPS FreeStyle Libre 3
02.07.2026 16:30,"155,0",CamAPS FreeStyle Libre 3
02.07.2026 16:35,"151,0",CamAPS FreeStyle Libre 3
02.07.2026 16:40,"151,0",CamAPS FreeStyle Libre 3
02.07.2026 16:50,"146,0",CamAPS FreeStyle Libre 3
02.07.2026 16:55,"147,0",CamAPS FreeStyle Libre 3
02.07.2026 17:00,"139,0",CamAPS FreeStyle Libre 3
02.07.2026 17:10,"107,0",CamAPS FreeStyle Libre 3
02.07.2026 17:15,"111,0",CamAPS FreeStyle Libre 3
02.07.2026 17:20,"106,0",CamAPS FreeStyle Libre 3
02.07.2026 17:25,"113,0",CamAPS FreeStyle Libre 3
02.07.2026 17:30,"119,0",CamAPS FreeStyle Libre 3
02.07.2026 17:35,"115,0",CamAPS FreeStyle Libre 3
02.07.2026 17:40,"113,0",CamAPS FreeStyle Libre 3
02.07.2026 17:45,"122,0",CamAPS FreeStyle Libre 3
02.07.2026 17:50,"124,0",CamAPS FreeStyle Libre 3
02.07.2026 17:55,"119,0",CamAPS FreeStyle Libre 3
02.07.2026 18:00,"116,0",CamAPS FreeStyle Libre 3
02.07.2026 18:05,"119,0",CamAPS FreeStyle Libre 3
02.07.2026 18:10,"113,0",CamAPS FreeStyle Libre 3
02.07.2026 18:15,"116,0",CamAPS FreeStyle Libre 3
02.07.2026 18:20,"119,0",CamAPS FreeStyle Libre 3
02.07.2026 18:25,"117,0",CamAPS FreeStyle Libre 3
02.07.2026 18:30,"119,0",CamAPS FreeStyle Libre 3
02.07.2026 18:35,"126,0",CamAPS FreeStyle Libre 3
02.07.2026 18:40,"129,0",CamAPS FreeStyle Libre 3
02.07.2026 18:45,"129,0",CamAPS FreeStyle Libre 3
02.07.2026 18:50,"123,0",CamAPS FreeStyle Libre 3
02.07.2026 18:55,"123,0",CamAPS FreeStyle Libre 3
02.07.2026 19:00,"122,0",CamAPS FreeStyle Libre 3
02.07.2026 19:05,"131,0",CamAPS FreeStyle Libre 3
02.07.2026 19:10,"150,0",CamAPS FreeStyle Libre 3
02.07.2026 19:15,"185,0",CamAPS FreeStyle Libre 3
02.07.2026 19:20,"206,0",CamAPS FreeStyle Libre 3
02.07.2026 19:25,"220,0",CamAPS FreeStyle Libre 3
02.07.2026 19:30,"237,0",CamAPS FreeStyle Libre 3
02.07.2026 19:35,"244,0",CamAPS FreeStyle Libre 3
02.07.2026 19:40,"250,0",CamAPS FreeStyle Libre 3
02.07.2026 19:45,"260,0",CamAPS FreeStyle Libre 3
02.07.2026 19:50,"256,0",CamAPS FreeStyle Libre 3
02.07.2026 19:55,"255,0",CamAPS FreeStyle Libre 3
02.07.2026 20:00,"258,0",CamAPS FreeStyle Libre 3
02.07.2026 20:05,"250,0",CamAPS FreeStyle Libre 3
02.07.2026 20:15,"233,0",CamAPS FreeStyle Libre 3
02.07.2026 20:20,"226,0",CamAPS FreeStyle Libre 3
02.07.2026 20:25,"212,0",CamAPS FreeStyle Libre 3
02.07.2026 20:30,"206,0",CamAPS FreeStyle Libre 3
02.07.2026 20:35,"202,0",CamAPS FreeStyle Libre 3
02.07.2026 20:45,"182,0",CamAPS FreeStyle Libre 3
02.07.2026 20:50,"173,0",CamAPS FreeStyle Libre 3
02.07.2026 21:00,"147,0",CamAPS FreeStyle Libre 3
02.07.2026 21:05,"138,0",CamAPS FreeStyle Libre 3
02.07.2026 21:10,"127,0",CamAPS FreeStyle Libre 3
02.07.2026 21:15,"133,0",CamAPS FreeStyle Libre 3
02.07.2026 21:20,"125,0",CamAPS FreeStyle Libre 3
02.07.2026 21:25,"120,0",CamAPS FreeStyle Libre 3
02.07.2026 21:30,"119,0",CamAPS FreeStyle Libre 3
02.07.2026 21:35,"123,0",CamAPS FreeStyle Libre 3
02.07.2026 21:40,"121,0",CamAPS FreeStyle Libre 3
02.07.2026 21:45,"121,0",CamAPS FreeStyle Libre 3
02.07.2026 21:50,"118,0",CamAPS FreeStyle Libre 3
02.07.2026 21:55,"110,0",CamAPS FreeStyle Libre 3
02.07.2026 22:00,"98,0",CamAPS FreeStyle Libre 3
02.07.2026 22:05,"99,0",CamAPS FreeStyle Libre 3
02.07.2026 22:10,"104,0",CamAPS FreeStyle Libre 3
02.07.2026 22:15,"99,0",CamAPS FreeStyle Libre 3
02.07.2026 22:20,"102,0",CamAPS FreeStyle Libre 3
02.07.2026 22:25,"94,0",CamAPS FreeStyle Libre 3
02.07.2026 22:30,"90,0",CamAPS FreeStyle Libre 3
02.07.2026 22:35,"93,0",CamAPS FreeStyle Libre 3
02.07.2026 22:40,"90,0",CamAPS FreeStyle Libre 3
02.07.2026 22:45,"88,0",CamAPS FreeStyle Libre 3
02.07.2026 22:50,"69,0",CamAPS FreeStyle Libre 3
02.07.2026 22:55,"72,0",CamAPS FreeStyle Libre 3
02.07.2026 23:00,"73,0",CamAPS FreeStyle Libre 3
02.07.2026 23:05,"110,0",CamAPS FreeStyle Libre 3
02.07.2026 23:15,"113,0",CamAPS FreeStyle Libre 3
02.07.2026 23:20,"105,0",CamAPS FreeStyle Libre 3
02.07.2026 23:25,"108,0",CamAPS FreeStyle Libre 3
02.07.2026 23:30,"105,0",CamAPS FreeStyle Libre 3
02.07.2026 23:35,"112,0",CamAPS FreeStyle Libre 3
02.07.2026 23:40,"108,0",CamAPS FreeStyle Libre 3
02.07.2026 23:45,"115,0",CamAPS FreeStyle Libre 3
02.07.2026 23:50,"115,0",CamAPS FreeStyle Libre 3
02.07.2026 23:55,"119,0",CamAPS FreeStyle Libre 3
03.07.2026 00:00,"154,0",CamAPS FreeStyle Libre 3
03.07.2026 00:05,"149,0",CamAPS FreeStyle Libre 3
03.07.2026 00:10,"153,0",CamAPS FreeStyle Libre 3
03.07.2026 00:15,"137,0",CamAPS FreeStyle Libre 3
03.07.2026 00:25,"127,0",CamAPS FreeStyle Libre 3
03.07.2026 00:30,"141,0",CamAPS FreeStyle Libre 3
03.07.2026 00:35,"140,0",CamAPS FreeStyle Libre 3
03.07.2026 00:40,"147,0",CamAPS FreeStyle Libre 3
03.07.2026 00:45,"149,0",CamAPS FreeStyle Libre 3
03.07.2026 00:50,"141,0",CamAPS FreeStyle Libre 3
03.07.2026 00:55,"133,0",CamAPS FreeStyle Libre 3
03.07.2026 01:00,"139,0",CamAPS FreeStyle Libre 3
03.07.2026 01:05,"143,0",CamAPS FreeStyle Libre 3
03.07.2026 01:10,"145,0",CamAPS FreeStyle Libre 3
03.07.2026 01:15,"134,0",CamAPS FreeStyle Libre 3
03.07.2026 01:20,"148,0",CamAPS FreeStyle Libre 3
03.07.2026 01:25,"140,0",CamAPS FreeStyle Libre 3
03.07.2026 01:30,"140,0",CamAPS FreeStyle Libre 3
03.07.2026 01:35,"142,0",CamAPS FreeStyle Libre 3
03.07.2026 01:40,"141,0",CamAPS FreeStyle Libre 3
03.07.2026 01:45,"146,0",CamAPS FreeStyle Libre 3
03.07.2026 01:50,"141,0",CamAPS FreeStyle Libre 3
03.07.2026 01:55,"143,0",CamAPS FreeStyle Libre 3
03.07.2026 02:00,"155,0",CamAPS FreeStyle Libre 3
03.07.2026 02:05,"157,0",CamAPS FreeStyle Libre 3
03.07.2026 02:10,"147,0",CamAPS FreeStyle Libre 3
03.07.2026 02:15,"141,0",CamAPS FreeStyle Libre 3
03.07.2026 02:20,"136,0",CamAPS FreeStyle Libre 3
03.07.2026 02:25,"145,0",CamAPS FreeStyle Libre 3
03.07.2026 02:30,"145,0",CamAPS FreeStyle Libre 3
03.07.2026 02:35,"153,0",CamAPS FreeStyle Libre 3
03.07.2026 02:40,"156,0",CamAPS FreeStyle Libre 3
03.07.2026 02:45,"137,0",CamAPS FreeStyle Libre 3
03.07.2026 02:50,"145,0",CamAPS FreeStyle Libre 3
03.07.2026 02:55,"150,0",CamAPS FreeStyle Libre 3
03.07.2026 03:00,"143,0",CamAPS FreeStyle Libre 3
03.07.2026 03:05,"152,0",CamAPS FreeStyle Libre 3
03.07.2026 03:10,"152,0",CamAPS FreeStyle Libre 3
03.07.2026 03:15,"142,0",CamAPS FreeStyle Libre 3
03.07.2026 03:20,"138,0",CamAPS FreeStyle Libre 3
03.07.2026 03:25,"131,0",CamAPS FreeStyle Libre 3
03.07.2026 03:30,"142,0",CamAPS FreeStyle Libre 3
03.07.2026 03:35,"151,0",CamAPS FreeStyle Libre 3
03.07.2026 03:40,"146,0",CamAPS FreeStyle Libre 3
03.07.2026 03:45,"155,0",CamAPS FreeStyle Libre 3
03.07.2026 03:50,"146,0",CamAPS FreeStyle Libre 3
03.07.2026 03:55,"156,0",CamAPS FreeStyle Libre 3
03.07.2026 04:00,"148,0",CamAPS FreeStyle Libre 3
03.07.2026 04:05,"160,0",CamAPS FreeStyle Libre 3
03.07.2026 04:10,"150,0",CamAPS FreeStyle Libre 3
03.07.2026 04:15,"158,0",CamAPS FreeStyle Libre 3
03.07.2026 04:20,"160,0",CamAPS FreeStyle Libre 3
03.07.2026 04:25,"147,0",CamAPS FreeStyle Libre 3
03.07.2026 04:30,"151,0",CamAPS FreeStyle Libre 3
03.07.2026 04:35,"149,0",CamAPS FreeStyle Libre 3
03.07.2026 04:40,"137,0",CamAPS FreeStyle Libre 3
03.07.2026 04:45,"151,0",CamAPS FreeStyle Libre 3
03.07.2026 04:50,"151,0",CamAPS FreeStyle Libre 3
03.07.2026 04:55,"155,0",CamAPS FreeStyle Libre 3
03.07.2026 05:00,"161,0",CamAPS FreeStyle Libre 3
03.07.2026 05:05,"146,0",CamAPS FreeStyle Libre 3
03.07.2026 05:10,"154,0",CamAPS FreeStyle Libre 3
03.07.2026 05:15,"165,0",CamAPS FreeStyle Libre 3
03.07.2026 05:20,"156,0",CamAPS FreeStyle Libre 3
03.07.2026 05:25,"158,0",CamAPS FreeStyle Libre 3
03.07.2026 05:30,"154,0",CamAPS FreeStyle Libre 3
03.07.2026 05:35,"155,0",CamAPS FreeStyle Libre 3
03.07.2026 05:40,"154,0",CamAPS FreeStyle Libre 3
03.07.2026 05:45,"147,0",CamAPS FreeStyle Libre 3
03.07.2026 05:50,"154,0",CamAPS FreeStyle Libre 3
03.07.2026 05:55,"168,0",CamAPS FreeStyle Libre 3
03.07.2026 06:00,"142,0",CamAPS FreeStyle Libre 3
03.07.2026 06:05,"149,0",CamAPS FreeStyle Libre 3
03.07.2026 06:10,"143,0",CamAPS FreeStyle Libre 3
03.07.2026 06:15,"140,0",CamAPS FreeStyle Libre 3
03.07.2026 06:20,"139,0",CamAPS FreeStyle Libre 3
03.07.2026 06:25,"137,0",CamAPS FreeStyle Libre 3
03.07.2026 06:30,"146,0",CamAPS FreeStyle Libre 3
03.07.2026 06:35,"136,0",CamAPS FreeStyle Libre 3
03.07.2026 06:40,"142,0",CamAPS FreeStyle Libre 3
03.07.2026 06:45,"152,0",CamAPS FreeStyle Libre 3
03.07.2026 06:50,"150,0",CamAPS FreeStyle Libre 3
03.07.2026 06:55,"148,0",CamAPS FreeStyle Libre 3
03.07.2026 07:00,"153,0",CamAPS FreeStyle Libre 3
03.07.2026 07:05,"148,0",CamAPS FreeStyle Libre 3
03.07.2026 07:10,"139,0",CamAPS FreeStyle Libre 3
03.07.2026 07:15,"141,0",CamAPS FreeStyle Libre 3
03.07.2026 07:20,"142,0",CamAPS FreeStyle Libre 3
03.07.2026 07:25,"140,0",CamAPS FreeStyle Libre 3
03.07.2026 07:30,"140,0",CamAPS FreeStyle Libre 3
03.07.2026 07:35,"144,0",CamAPS FreeStyle Libre 3
03.07.2026 07:40,"158,0",CamAPS FreeStyle Libre 3
03.07.2026 07:45,"180,0",CamAPS FreeStyle Libre 3
03.07.2026 07:50,"190,0",CamAPS FreeStyle Libre 3
03.07.2026 07:55,"207,0",CamAPS FreeStyle Libre 3
03.07.2026 08:00,"214,0",CamAPS FreeStyle Libre 3
03.07.2026 08:05,"229,0",CamAPS FreeStyle Libre 3
03.07.2026 08:10,"238,0",CamAPS FreeStyle Libre 3
03.07.2026 08:15,"237,0",CamAPS FreeStyle Libre 3
03.07.2026 08:20,"237,0",CamAPS FreeStyle Libre 3
03.07.2026 08:30,"237,0",CamAPS FreeStyle Libre 3
03.07.2026 08:35,"219,0",CamAPS FreeStyle Libre 3
03.07.2026 08:40,"222,0",CamAPS FreeStyle Libre 3
03.07.2026 08:45,"217,0",CamAPS FreeStyle Libre 3
03.07.2026 08:50,"202,0",CamAPS FreeStyle Libre 3
03.07.2026 08:55,"192,0",CamAPS FreeStyle Libre 3
03.07.2026 09:00,"177,0",CamAPS FreeStyle Libre 3
03.07.2026 09:05,"171,0",CamAPS FreeStyle Libre 3
03.07.2026 09:15,"146,0",CamAPS FreeStyle Libre 3
03.07.2026 09:20,"144,0",CamAPS FreeStyle Libre 3
03.07.2026 09:25,"143,0",CamAPS FreeStyle Libre 3
03.07.2026 09:35,"132,0",CamAPS FreeStyle Libre 3
03.07.2026 09:45,"129,0",CamAPS FreeStyle Libre 3
03.07.2026 09:50,"126,0",CamAPS FreeStyle Libre 3
03.07.2026 09:55,"133,0",CamAPS FreeStyle Libre 3
03.07.2026 10:00,"128,0",CamAPS FreeStyle Libre 3
03.07.2026 10:05,"120,0",CamAPS FreeStyle Libre 3
03.07.2026 10:10,"117,0",CamAPS FreeStyle Libre 3
03.07.2026 10:15,"117,0",CamAPS FreeStyle Libre 3
03.07.2026 10:20,"117,0",CamAPS FreeStyle Libre 3
03.07.2026 10:25,"116,0",CamAPS FreeStyle Libre 3
03.07.2026 10:30,"120,0",CamAPS FreeStyle Libre 3
03.07.2026 10:35,"116,0",CamAPS FreeStyle Libre 3
03.07.2026 10:40,"108,0",CamAPS FreeStyle Libre 3
03.07.2026 10:45,"101,0",CamAPS FreeStyle Libre 3
03.07.2026 10:50,"103,0",CamAPS FreeStyle Libre 3
03.07.2026 11:00,"102,0",CamAPS FreeStyle Libre 3
03.07.2026 11:05,"100,0",CamAPS FreeStyle Libre 3
03.07.2026 11:10,"98,0",CamAPS FreeStyle Libre 3
03.07.2026 11:15,"91,0",CamAPS FreeStyle Libre 3
03.07.2026 11:20,"91,0",CamAPS FreeStyle Libre 3
03.07.2026 11:30,"85,0",CamAPS FreeStyle Libre 3
03.07.2026 11:35,"86,0",CamAPS FreeStyle Libre 3
03.07.2026 11:40,"125,0",CamAPS FreeStyle Libre 3
03.07.2026 11:45,"131,0",CamAPS FreeStyle Libre 3
03.07.2026 11:50,"126,0",CamAPS FreeStyle Libre 3
03.07.2026 11:55,"118,0",CamAPS FreeStyle Libre 3
03.07.2026 12:00,"125,0",CamAPS FreeStyle Libre 3
03.07.2026 12:05,"137,0",CamAPS FreeStyle Libre 3
03.07.2026 12:10,"166,0",CamAPS FreeStyle Libre 3
03.07.2026 12:15,"195,0",CamAPS FreeStyle Libre 3
03.07.2026 12:20,"203,0",CamAPS FreeStyle Libre 3
03.07.2026 12:25,"221,0",CamAPS FreeStyle Libre 3
03.07.2026 12:30,"235,0",CamAPS FreeStyle Libre 3
03.07.2026 12:35,"253,0",CamAPS FreeStyle Libre 3
03.07.2026 12:45,"256,0",CamAPS FreeStyle Libre 3
03.07.2026 12:50,"262,0",CamAPS FreeStyle Libre 3
03.07.2026 12:55,"262,0",CamAPS FreeStyle Libre 3
03.07.2026 13:00,"269,0",CamAPS FreeStyle Libre 3
03.07.2026 13:05,"254,0",CamAPS FreeStyle Libre 3
03.07.2026 13:10,"255,0",CamAPS FreeStyle Libre 3
03.07.2026 13:15,"248,0",CamAPS FreeStyle Libre 3
03.07.2026 13:25,"229,0",CamAPS FreeStyle Libre 3
03.07.2026 13:30,"222,0",CamAPS FreeStyle Libre 3
03.07.2026 13:35,"217,0",CamAPS FreeStyle Libre 3
03.07.2026 13:40,"207,0",CamAPS FreeStyle Libre 3
03.07.2026 13:45,"202,0",CamAPS FreeStyle Libre 3
03.07.2026 13:50,"201,0",CamAPS FreeStyle Libre 3
03.07.2026 13:55,"191,0",CamAPS FreeStyle Libre 3
03.07.2026 14:00,"197,0",CamAPS FreeStyle Libre 3
03.07.2026 14:05,"184,0",CamAPS FreeStyle Libre 3
03.07.2026 14:10,"183,0",CamAPS FreeStyle Libre 3
03.07.2026 14:15,"180,0",CamAPS FreeStyle Libre 3
03.07.2026 14:20,"177,0",CamAPS FreeStyle Libre 3
03.07.2026 14:25,"179,0",CamAPS FreeStyle Libre 3
03.07.2026 14:30,"182,0",CamAPS FreeStyle Libre 3
03.07.2026 14:35,"175,0",CamAPS FreeStyle Libre 3
03.07.2026 14:40,"167,0",CamAPS FreeStyle Libre 3
03.07.2026 14:45,"172,0",CamAPS FreeStyle Libre 3
03.07.2026 14:50,"165,0",CamAPS FreeStyle Libre 3
03.07.2026 14:55,"162,0",CamAPS FreeStyle Libre 3
03.07.2026 15:00,"168,0",CamAPS FreeStyle Libre 3
03.07.2026 15:05,"166,0",CamAPS FreeStyle Libre 3
03.07.2026 15:10,"168,0",CamAPS FreeStyle Libre 3
03.07.2026 15:15,"172,0",CamAPS FreeStyle Libre 3
03.07.2026 15:20,"180,0",CamAPS FreeStyle Libre 3
03.07.2026 15:25,"168,0",CamAPS FreeStyle Libre 3
03.07.2026 15:30,"166,0",CamAPS FreeStyle Libre 3
03.07.2026 15:35,"168,0",CamAPS FreeStyle Libre 3
03.07.2026 15:40,"173,0",CamAPS FreeStyle Libre 3
03.07.2026 15:45,"165,0",CamAPS FreeStyle Libre 3
03.07.2026 15:50,"165,0",CamAPS FreeStyle Libre 3
03.07.2026 15:55,"161,0",CamAPS FreeStyle Libre 3
03.07.2026 16:00,"156,0",CamAPS FreeStyle Libre 3
03.07.2026 16:05,"132,0",CamAPS FreeStyle Libre 3
03.07.2026 16:10,"131,0",CamAPS FreeStyle Libre 3
03.07.2026 16:15,"123,0",CamAPS FreeStyle Libre 3
03.07.2026 16:20,"130,0",CamAPS FreeStyle Libre 3
03.07.2026 16:25,"120,0",CamAPS FreeStyle Libre 3
03.07.2026 16:30,"115,0",CamAPS FreeStyle Libre 3
03.07.2026 16:35,"115,0",CamAPS FreeStyle Libre 3
03.07.2026 16:40,"118,0",CamAPS FreeStyle Libre 3
03.07.2026 16:45,"121,0",CamAPS FreeStyle Libre 3
03.07.2026 16:50,"123,0",CamAPS FreeStyle Libre 3
03.07.2026 16:55,"119,0",CamAPS FreeStyle Libre 3
03.07.2026 17:00,"122,0",CamAPS FreeStyle Libre 3
03.07.2026 17:05,"128,0",CamAPS FreeStyle Libre 3
03.07.2026 17:10,"116,0",CamAPS FreeStyle Libre 3
03.07.2026 17:15,"103,0",CamAPS FreeStyle Libre 3
03.07.2026 17:20,"119,0",CamAPS FreeStyle Libre 3
03.07.2026 17:25,"108,0",CamAPS FreeStyle Libre 3
03.07.2026 17:30,"109,0",CamAPS FreeStyle Libre 3
03.07.2026 17:35,"106,0",CamAPS FreeStyle Libre 3
03.07.2026 17:40,"108,0",CamAPS FreeStyle Libre 3
03.07.2026 17:45,"124,0",CamAPS FreeStyle Libre 3
03.07.2026 17:50,"116,0",CamAPS FreeStyle Libre 3
03.07.2026 17:55,"123,0",CamAPS FreeStyle Libre 3
03.07.2026 18:00,"126,0",CamAPS FreeStyle Libre 3
03.07.2026 18:05,"123,0",CamAPS FreeStyle Libre 3
03.07.2026 18:10,"119,0",CamAPS FreeStyle Libre 3
03.07.2026 18:15,"120,0",CamAPS FreeStyle Libre 3
03.07.2026 18:20,"115,0",CamAPS FreeStyle Libre 3
03.07.2026 18:25,"113,0",CamAPS FreeStyle Libre 3
03.07.2026 18:30,"117,0",CamAPS FreeStyle Libre 3
03.07.2026 18:35,"153,0",CamAPS FreeStyle Libre 3
03.07.2026 18:40,"176,0",CamAPS FreeStyle Libre 3
03.07.2026 18:45,"197,0",CamAPS FreeStyle Libre 3
03.07.2026 18:50,"223,0",CamAPS FreeStyle Libre 3
03.07.2026 18:55,"234,0",CamAPS FreeStyle Libre 3
03.07.2026 19:00,"244,0",CamAPS FreeStyle Libre 3
03.07.2026 19:05,"242,0",CamAPS FreeStyle Libre 3
03.07.2026 19:10,"240,0",CamAPS FreeStyle Libre 3
03.07.2026 19:15,"236,0",CamAPS FreeStyle Libre 3
03.07.2026 19:20,"245,0",CamAPS FreeStyle Libre 3
03.07.2026 19:25,"242,0",CamAPS FreeStyle Libre 3
03.07.2026 19:30,"234,0",CamAPS FreeStyle Libre 3
03.07.2026 19:35,"221,0",CamAPS FreeStyle Libre 3
03.07.2026 19:40,"213,0",CamAPS FreeStyle Libre 3
03.07.2026 19:45,"207,0",CamAPS FreeStyle Libre 3
03.07.2026 19:50,"193,0",CamAPS FreeStyle Libre 3
03.07.2026 20:00,"176,0",CamAPS FreeStyle Libre 3
03.07.2026 20:05,"171,0",CamAPS FreeStyle Libre 3
03.07.2026 20:10,"168,0",CamAPS FreeStyle Libre 3
03.07.2026 20:15,"167,0",CamAPS FreeStyle Libre 3
03.07.2026 20:20,"166,0",CamAPS FreeStyle Libre 3
03.07.2026 20:25,"154,0",CamAPS FreeStyle Libre 3
03.07.2026 20:30,"144,0",CamAPS FreeStyle Libre 3
03.07.2026 20:35,"139,0",CamAPS FreeStyle Libre 3
03.07.2026 20:40,"132,0",CamAPS FreeStyle Libre 3
03.07.2026 20:45,"126,0",CamAPS FreeStyle Libre 3
03.07.2026 20:50,"118,0",CamAPS FreeStyle Libre 3
03.07.2026 20:55,"119,0",CamAPS FreeStyle Libre 3
03.07.2026 21:00,"121,0",CamAPS FreeStyle Libre 3
03.07.2026 21:05,"119,0",CamAPS FreeStyle Libre 3
03.07.2026 21:10,"127,0",CamAPS FreeStyle Libre 3
03.07.2026 21:15,"122,0",CamAPS FreeStyle Libre 3
03.07.2026 21:20,"119,0",CamAPS FreeStyle Libre 3
03.07.2026 21:25,"118,0",CamAPS FreeStyle Libre 3
03.07.2026 21:30,"120,0",CamAPS FreeStyle Libre 3
03.07.2026 21:35,"119,0",CamAPS FreeStyle Libre 3
03.07.2026 21:40,"117,0",CamAPS FreeStyle Libre 3
03.07.2026 21:45,"104,0",CamAPS FreeStyle Libre 3
03.07.2026 21:50,"115,0",CamAPS FreeStyle Libre 3
03.07.2026 21:55,"109,0",CamAPS FreeStyle Libre 3
03.07.2026 22:00,"112,0",CamAPS FreeStyle Libre 3
03.07.2026 22:05,"118,0",CamAPS FreeStyle Libre 3
03.07.2026 22:10,"116,0",CamAPS FreeStyle Libre 3
03.07.2026 22:15,"116,0",CamAPS FreeStyle Libre 3
03.07.2026 22:20,"122,0",CamAPS FreeStyle Libre 3
03.07.2026 22:25,"118,0",CamAPS FreeStyle Libre 3
03.07.2026 22:30,"117,0",CamAPS FreeStyle Libre 3
03.07.2026 22:35,"114,0",CamAPS FreeStyle Libre 3
03.07.2026 22:40,"114,0",CamAPS FreeStyle Libre 3
03.07.2026 22:45,"113,0",CamAPS FreeStyle Libre 3
03.07.2026 22:50,"119,0",CamAPS FreeStyle Libre 3
03.07.2026 22:55,"119,0",CamAPS FreeStyle Libre 3
03.07.2026 23:00,"117,0",CamAPS FreeStyle Libre 3
03.07.2026 23:05,"118,0",CamAPS FreeStyle Libre 3
03.07.2026 23:10,"116,0",CamAPS FreeStyle Libre 3
03.07.2026 23:15,"125,0",CamAPS FreeStyle Libre 3
03.07.2026 23:20,"121,0",CamAPS FreeStyle Libre 3
03.07.2026 23:30,"121,0",CamAPS FreeStyle Libre 3
03.07.2026 23:35,"126,0",CamAPS FreeStyle Libre 3
03.07.2026 23:40,"121,0",CamAPS FreeStyle Libre 3
03.07.2026 23:45,"113,0",CamAPS FreeStyle Libre 3
03.07.2026 23:50,"111,0",CamAPS FreeStyle Libre 3
03.07.2026 23:55,"117,0",CamAPS FreeStyle Libre 3
04.07.2026 00:00,"123,0",CamAPS FreeStyle Libre 3
04.07.2026 00:05,"123,0",CamAPS FreeStyle Libre 3
04.07.2026 00:10,"123,0",CamAPS FreeStyle Libre 3
04.07.2026 00:15,"119,0",CamAPS FreeStyle Libre 3
04.07.2026 00:20,"115,0",CamAPS FreeStyle Libre 3
04.07.2026 00:25,"119,0",CamAPS FreeStyle Libre 3
04.07.2026 00:30,"122,0",CamAPS FreeStyle Libre 3
04.07.2026 00:35,"118,0",CamAPS FreeStyle Libre 3
04.07.2026 00:40,"111,0",CamAPS FreeStyle Libre 3
04.07.2026 00:45,"113,0",CamAPS FreeStyle Libre 3
04.07.2026 00:55,"121,0",CamAPS FreeStyle Libre 3
04.07.2026 01:00,"122,0",CamAPS FreeStyle Libre 3
04.07.2026 01:05,"121,0",CamAPS FreeStyle Libre 3
04.07.2026 01:10,"121,0",CamAPS FreeStyle Libre 3
04.07.2026 01:15,"113,0",CamAPS FreeStyle Libre 3
04.07.2026 01:20,"116,0",CamAPS FreeStyle Libre 3
04.07.2026 01:25,"125,0",CamAPS FreeStyle Libre 3
04.07.2026 01:35,"121,0",CamAPS FreeStyle Libre 3
04.07.2026 01:40,"125,0",CamAPS FreeStyle Libre 3
04.07.2026 01:45,"122,0",CamAPS FreeStyle Libre 3
04.07.2026 01:50,"111,0",CamAPS FreeStyle Libre 3
04.07.2026 01:55,"119,0",CamAPS FreeStyle Libre 3
04.07.2026 02:00,"120,0",CamAPS FreeStyle Libre 3
04.07.2026 02:05,"121,0",CamAPS FreeStyle Libre 3
04.07.2026 02:10,"126,0",CamAPS FreeStyle Libre 3
04.07.2026 02:15,"123,0",CamAPS FreeStyle Libre 3
04.07.2026 02:20,"127,0",CamAPS FreeStyle Libre 3
04.07.2026 02:25,"113,0",CamAPS FreeStyle Libre 3
04.07.2026 02:30,"107,0",CamAPS FreeStyle Libre 3
04.07.2026 02:35,"113,0",CamAPS FreeStyle Libre 3
04.07.2026 02:40,"110,0",CamAPS FreeStyle Libre 3
04.07.2026 02:45,"114,0",CamAPS FreeStyle Libre 3
04.07.2026 02:50,"121,0",CamAPS FreeStyle Libre 3
04.07.2026 02:55,"121,0",CamAPS FreeStyle Libre 3
04.07.2026 03:05,"123,0",CamAPS FreeStyle Libre 3
04.07.2026 03:10,"123,0",CamAPS FreeStyle Libre 3
04.07.2026 03:15,"128,0",CamAPS FreeStyle Libre 3
04.07.2026 03:20,"125,0",CamAPS FreeStyle Libre 3
04.07.2026 03:25,"122,0",CamAPS FreeStyle Libre 3
04.07.2026 03:30,"131,0",CamAPS FreeStyle Libre 3
04.07.2026 03:35,"126,0",CamAPS FreeStyle Libre 3
04.07.2026 03:40,"119,0",CamAPS FreeStyle Libre 3
04.07.2026 03:45,"109,0",CamAPS FreeStyle Libre 3
04.07.2026 03:50,"104,0",CamAPS FreeStyle Libre 3
04.07.2026 03:55,"108,0",CamAPS FreeStyle Libre 3
04.07.2026 04:00,"104,0",CamAPS FreeStyle Libre 3
04.07.2026 04:05,"99,0",CamAPS FreeStyle Libre 3
04.07.2026 04:10,"94,0",CamAPS FreeStyle Libre 3
04.07.2026 04:15,"94,0",CamAPS FreeStyle Libre 3
04.07.2026 04:20,"97,0",CamAPS FreeStyle Libre 3
04.07.2026 04:25,"104,0",CamAPS FreeStyle Libre 3
04.07.2026 04:30,"98,0",CamAPS FreeStyle Libre 3
04.07.2026 04:35,"90,0",CamAPS FreeStyle Libre 3
04.07.2026 04:40,"101,0",CamAPS FreeStyle Libre 3
04.07.2026 04:45,"99,0",CamAPS FreeStyle Libre 3
04.07.2026 04:50,"118,0",CamAPS FreeStyle Libre 3
04.07.2026 04:55,"112,0",CamAPS FreeStyle Libre 3
04.07.2026 05:00,"127,0",CamAPS FreeStyle Libre 3
04.07.2026 05:05,"128,0",CamAPS FreeStyle Libre 3
04.07.2026 05:10,"135,0",CamAPS FreeStyle Libre 3
04.07.2026 05:15,"138,0",CamAPS FreeStyle Libre 3
04.07.2026 05:20,"143,0",CamAPS FreeStyle Libre 3
04.07.2026 05:25,"142,0",CamAPS FreeStyle Libre 3
04.07.2026 05:30,"142,0",CamAPS FreeStyle Libre 3
04.07.2026 05:35,"140,0",CamAPS FreeStyle Libre 3
04.07.2026 05:40,"142,0",CamAPS FreeStyle Libre 3
04.07.2026 05:45,"151,0",CamAPS FreeStyle Libre 3
04.07.2026 05:50,"159,0",CamAPS FreeStyle Libre 3
04.07.2026 05:55,"158,0",CamAPS FreeStyle Libre 3
04.07.2026 06:00,"160,0",CamAPS FreeStyle Libre 3
04.07.2026 06:05,"175,0",CamAPS FreeStyle Libre 3
04.07.2026 06:10,"175,0",CamAPS FreeStyle Libre 3
04.07.2026 06:15,"175,0",CamAPS FreeStyle Libre 3
04.07.2026 06:20,"167,0",CamAPS FreeStyle Libre 3
04.07.2026 06:30,"160,0",CamAPS FreeStyle Libre 3
04.07.2026 06:35,"164,0",CamAPS FreeStyle Libre 3
04.07.2026 06:40,"164,0",CamAPS FreeStyle Libre 3
04.07.2026 06:45,"174,0",CamAPS FreeStyle Libre 3
04.07.2026 06:50,"171,0",CamAPS FreeStyle Libre 3
04.07.2026 06:55,"169,0",CamAPS FreeStyle Libre 3
04.07.2026 07:00,"166,0",CamAPS FreeStyle Libre 3
04.07.2026 07:10,"165,0",CamAPS FreeStyle Libre 3
04.07.2026 07:15,"163,0",CamAPS FreeStyle Libre 3
04.07.2026 07:20,"166,0",CamAPS FreeStyle Libre 3
04.07.2026 07:25,"154,0",CamAPS FreeStyle Libre 3
04.07.2026 07:30,"170,0",CamAPS FreeStyle Libre 3
04.07.2026 07:35,"161,0",CamAPS FreeStyle Libre 3
04.07.2026 07:45,"147,0",CamAPS FreeStyle Libre 3
04.07.2026 07:50,"144,0",CamAPS FreeStyle Libre 3
04.07.2026 07:55,"141,0",CamAPS FreeStyle Libre 3
04.07.2026 08:05,"147,0",CamAPS FreeStyle Libre 3
04.07.2026 08:10,"168,0",CamAPS FreeStyle Libre 3
04.07.2026 08:15,"198,0",CamAPS FreeStyle Libre 3
04.07.2026 08:20,"209,0",CamAPS FreeStyle Libre 3
04.07.2026 08:25,"220,0",CamAPS FreeStyle Libre 3
04.07.2026 08:30,"225,0",CamAPS FreeStyle Libre 3
04.07.2026 08:35,"227,0",CamAPS FreeStyle Libre 3
04.07.2026 08:40,"227,0",CamAPS FreeStyle Libre 3
04.07.2026 08:45,"230,0",CamAPS FreeStyle Libre 3
04.07.2026 08:50,"225,0",CamAPS FreeStyle Libre 3
04.07.2026 08:55,"225,0",CamAPS FreeStyle Libre 3
04.07.2026 09:00,"215,0",CamAPS FreeStyle Libre 3
04.07.2026 09:05,"200,0",CamAPS FreeStyle Libre 3
04.07.2026 09:10,"197,0",CamAPS FreeStyle Libre 3
04.07.2026 09:15,"185,0",CamAPS FreeStyle Libre 3
04.07.2026 09:20,"177,0",CamAPS FreeStyle Libre 3
04.07.2026 09:25,"183,0",CamAPS FreeStyle Libre 3
04.07.2026 09:30,"179,0",CamAPS FreeStyle Libre 3
04.07.2026 09:35,"165,0",CamAPS FreeStyle Libre 3
04.07.2026 09:40,"156,0",CamAPS FreeStyle Libre 3
04.07.2026 09:45,"163,0",CamAPS FreeStyle Libre 3
04.07.2026 09:50,"159,0",CamAPS FreeStyle Libre 3
04.07.2026 09:55,"156,0",CamAPS FreeStyle Libre 3
04.07.2026 10:00,"148,0",CamAPS FreeStyle Libre 3
04.07.2026 10:05,"144,0",CamAPS FreeStyle Libre 3
04.07.2026 10:10,"142,0",CamAPS FreeStyle Libre 3
04.07.2026 10:15,"137,0",CamAPS FreeStyle Libre 3
04.07.2026 10:20,"129,0",CamAPS FreeStyle Libre 3
04.07.2026 10:25,"131,0",CamAPS FreeStyle Libre 3
04.07.2026 10:30,"124,0",CamAPS FreeStyle Libre 3
04.07.2026 10:35,"136,0",CamAPS FreeStyle Libre 3
04.07.2026 10:40,"136,0",CamAPS FreeStyle Libre 3
04.07.2026 10:45,"138,0",CamAPS FreeStyle Libre 3
04.07.2026 10:50,"133,0",CamAPS FreeStyle Libre 3
04.07.2026 10:55,"122,0",CamAPS FreeStyle Libre 3
04.07.2026 11:00,"112,0",CamAPS FreeStyle Libre 3
04.07.2026 11:05,"115,0",CamAPS FreeStyle Libre 3
04.07.2026 11:10,"112,0",CamAPS FreeStyle Libre 3
04.07.2026 11:15,"106,0",CamAPS FreeStyle Libre 3
04.07.2026 11:20,"106,0",CamAPS FreeStyle Libre 3
04.07.2026 11:25,"111,0",CamAPS FreeStyle Libre 3
04.07.2026 11:30,"107,0",CamAPS FreeStyle Libre 3
04.07.2026 11:35,"98,0",CamAPS FreeStyle Libre 3
04.07.2026 11:40,"97,0",CamAPS FreeStyle Libre 3
04.07.2026 11:45,"101,0",CamAPS FreeStyle Libre 3
04.07.2026 11:50,"105,0",CamAPS FreeStyle Libre 3
04.07.2026 11:55,"105,0",CamAPS FreeStyle Libre 3
04.07.2026 12:00,"102,0",CamAPS FreeStyle Libre 3
04.07.2026 12:05,"121,0",CamAPS FreeStyle Libre 3
04.07.2026 12:10,"114,0",CamAPS FreeStyle Libre 3
04.07.2026 12:15,"137,0",CamAPS FreeStyle Libre 3
04.07.2026 12:20,"171,0",CamAPS FreeStyle Libre 3
04.07.2026 12:30,"221,0",CamAPS FreeStyle Libre 3
04.07.2026 12:35,"233,0",CamAPS FreeStyle Libre 3
04.07.2026 12:40,"257,0",CamAPS FreeStyle Libre 3
04.07.2026 12:45,"267,0",CamAPS FreeStyle Libre 3
04.07.2026 12:50,"285,0",CamAPS FreeStyle Libre 3
04.07.2026 12:55,"291,0",CamAPS FreeStyle Libre 3
04.07.2026 13:00,"301,0",CamAPS FreeStyle Libre 3
04.07.2026 13:05,"292,0",CamAPS FreeStyle Libre 3
04.07.2026 13:10,"281,0",CamAPS FreeStyle Libre 3
04.07.2026 13:15,"271,0",CamAPS FreeStyle Libre 3
04.07.2026 13:25,"258,0",CamAPS FreeStyle Libre 3
04.07.2026 13:30,"249,0",CamAPS FreeStyle Libre 3
04.07.2026 13:35,"256,0",CamAPS FreeStyle Libre 3
04.07.2026 13:40,"249,0",CamAPS FreeStyle Libre 3
04.07.2026 13:45,"241,0",CamAPS FreeStyle Libre 3
04.07.2026 13:50,"234,0",CamAPS FreeStyle Libre 3
04.07.2026 13:55,"222,0",CamAPS FreeStyle Libre 3
04.07.2026 14:00,"219,0",CamAPS FreeStyle Libre 3
04.07.2026 14:05,"222,0",CamAPS FreeStyle Libre 3
04.07.2026 14:10,"219,0",CamAPS FreeStyle Libre 3
04.07.2026 14:15,"217,0",CamAPS FreeStyle Libre 3
04.07.2026 14:20,"224,0",CamAPS FreeStyle Libre 3
04.07.2026 14:30,"217,0",CamAPS FreeStyle Libre 3
04.07.2026 14:35,"218,0",CamAPS FreeStyle Libre 3
04.07.2026 14:40,"210,0",CamAPS FreeStyle Libre 3
04.07.2026 14:45,"211,0",CamAPS FreeStyle Libre 3
04.07.2026 14:50,"208,0",CamAPS FreeStyle Libre 3
04.07.2026 14:55,"202,0",CamAPS FreeStyle Libre 3
04.07.2026 15:00,"213,0",CamAPS FreeStyle Libre 3
04.07.2026 15:05,"206,0",CamAPS FreeStyle Libre 3
04.07.2026 15:10,"206,0",CamAPS FreeStyle Libre 3
04.07.2026 15:15,"215,0",CamAPS FreeStyle Libre 3
04.07.2026 15:20,"217,0",CamAPS FreeStyle Libre 3
04.07.2026 15:25,"221,0",CamAPS FreeStyle Libre 3
04.07.2026 15:30,"223,0",CamAPS FreeStyle Libre 3
04.07.2026 15:35,"223,0",CamAPS FreeStyle Libre 3
04.07.2026 15:40,"222,0",CamAPS FreeStyle Libre 3
04.07.2026 15:45,"224,0",CamAPS FreeStyle Libre 3
04.07.2026 15:50,"215,0",CamAPS FreeStyle Libre 3
04.07.2026 15:55,"216,0",CamAPS FreeStyle Libre 3
04.07.2026 16:00,"235,0",CamAPS FreeStyle Libre 3
04.07.2026 16:05,"244,0",CamAPS FreeStyle Libre 3
04.07.2026 16:10,"235,0",CamAPS FreeStyle Libre 3
04.07.2026 16:15,"123,0",CamAPS FreeStyle Libre 3
04.07.2026 16:20,"119,0",CamAPS FreeStyle Libre 3
04.07.2026 16:25,"127,0",CamAPS FreeStyle Libre 3
04.07.2026 16:30,"139,0",CamAPS FreeStyle Libre 3
04.07.2026 16:35,"134,0",CamAPS FreeStyle Libre 3
04.07.2026 16:40,"132,0",CamAPS FreeStyle Libre 3
04.07.2026 16:45,"127,0",CamAPS FreeStyle Libre 3
04.07.2026 16:50,"127,0",CamAPS FreeStyle Libre 3
04.07.2026 16:55,"125,0",CamAPS FreeStyle Libre 3
04.07.2026 17:00,"128,0",CamAPS FreeStyle Libre 3
04.07.2026 17:05,"125,0",CamAPS FreeStyle Libre 3
04.07.2026 17:10,"116,0",CamAPS FreeStyle Libre 3
04.07.2026 17:15,"109,0",CamAPS FreeStyle Libre 3
04.07.2026 17:20,"117,0",CamAPS FreeStyle Libre 3
04.07.2026 17:25,"106,0",CamAPS FreeStyle Libre 3
04.07.2026 17:30,"106,0",CamAPS FreeStyle Libre 3
04.07.2026 17:35,"113,0",CamAPS FreeStyle Libre 3
04.07.2026 17:40,"100,0",CamAPS FreeStyle Libre 3
04.07.2026 17:50,"113,0",CamAPS FreeStyle Libre 3
04.07.2026 17:55,"114,0",CamAPS FreeStyle Libre 3
04.07.2026 18:00,"126,0",CamAPS FreeStyle Libre 3
04.07.2026 18:05,"120,0",CamAPS FreeStyle Libre 3
04.07.2026 18:10,"116,0",CamAPS FreeStyle Libre 3
04.07.2026 18:15,"118,0",CamAPS FreeStyle Libre 3
04.07.2026 18:20,"126,0",CamAPS FreeStyle Libre 3
04.07.2026 18:25,"121,0",CamAPS FreeStyle Libre 3
04.07.2026 18:30,"114,0",CamAPS FreeStyle Libre 3
04.07.2026 18:40,"111,0",CamAPS FreeStyle Libre 3
04.07.2026 18:45,"109,0",CamAPS FreeStyle Libre 3
04.07.2026 18:50,"107,0",CamAPS FreeStyle Libre 3
04.07.2026 18:55,"109,0",CamAPS FreeStyle Libre 3
04.07.2026 19:05,"120,0",CamAPS FreeStyle Libre 3
04.07.2026 19:10,"158,0",CamAPS FreeStyle Libre 3
04.07.2026 19:15,"171,0",CamAPS FreeStyle Libre 3
04.07.2026 19:20,"191,0",CamAPS FreeStyle Libre 3
04.07.2026 19:25,"201,0",CamAPS FreeStyle Libre 3
04.07.2026 19:30,"216,0",CamAPS FreeStyle Libre 3
04.07.2026 19:35,"223,0",CamAPS FreeStyle Libre 3
04.07.2026 19:40,"233,0",CamAPS FreeStyle Libre 3
04.07.2026 19:45,"238,0",CamAPS FreeStyle Libre 3
04.07.2026 19:50,"236,0",CamAPS FreeStyle Libre 3
04.07.2026 19:55,"236,0",CamAPS FreeStyle Libre 3
04.07.2026 20:00,"230,0",CamAPS FreeStyle Libre 3
04.07.2026 20:05,"233,0",CamAPS FreeStyle Libre 3
04.07.2026 20:10,"220,0",CamAPS FreeStyle Libre 3
04.07.2026 20:15,"218,0",CamAPS FreeStyle Libre 3
04.07.2026 20:20,"206,0",CamAPS FreeStyle Libre 3
04.07.2026 20:25,"190,0",CamAPS FreeStyle Libre 3
04.07.2026 20:30,"188,0",CamAPS FreeStyle Libre 3
04.07.2026 20:35,"189,0",CamAPS FreeStyle Libre 3
04.07.2026 20:40,"184,0",CamAPS FreeStyle Libre 3
04.07.2026 20:45,"173,0",CamAPS FreeStyle Libre 3
04.07.2026 20:50,"167,0",CamAPS FreeStyle Libre 3
04.07.2026 20:55,"170,0",CamAPS FreeStyle Libre 3
04.07.2026 21:00,"160,0",CamAPS FreeStyle Libre 3
04.07.2026 21:05,"159,0",CamAPS FreeStyle Libre 3
04.07.2026 21:10,"155,0",CamAPS FreeStyle Libre 3
04.07.2026 21:15,"154,0",CamAPS FreeStyle Libre 3
04.07.2026 21:20,"146,0",CamAPS FreeStyle Libre 3
04.07.2026 21:25,"138,0",CamAPS FreeStyle Libre 3
04.07.2026 21:30,"146,0",CamAPS FreeStyle Libre 3
04.07.2026 21:35,"138,0",CamAPS FreeStyle Libre 3
04.07.2026 21:40,"144,0",CamAPS FreeStyle Libre 3
04.07.2026 21:45,"145,0",CamAPS FreeStyle Libre 3
04.07.2026 21:50,"141,0",CamAPS FreeStyle Libre 3
04.07.2026 21:55,"141,0",CamAPS FreeStyle Libre 3
04.07.2026 22:00,"145,0",CamAPS FreeStyle Libre 3
04.07.2026 22:05,"138,0",CamAPS FreeStyle Libre 3
04.07.2026 22:10,"146,0",CamAPS FreeStyle Libre 3
04.07.2026 22:15,"135,0",CamAPS FreeStyle Libre 3
04.07.2026 22:20,"128,0",CamAPS FreeStyle Libre 3
04.07.2026 22:25,"136,0",CamAPS FreeStyle Libre 3
04.07.2026 22:30,"134,0",CamAPS FreeStyle Libre 3
04.07.2026 22:35,"135,0",CamAPS FreeStyle Libre 3
04.07.2026 22:40,"141,0",CamAPS FreeStyle Libre 3
04.07.2026 22:45,"140,0",CamAPS FreeStyle Libre 3
04.07.2026 22:50,"131,0",CamAPS FreeStyle Libre 3
04.07.2026 22:55,"138,0",CamAPS FreeStyle Libre 3
04.07.2026 23:00,"134,0",CamAPS FreeStyle Libre 3
04.07.2026 23:05,"128,0",CamAPS FreeStyle Libre 3
04.07.2026 23:10,"109,0",CamAPS FreeStyle Libre 3
04.07.2026 23:15,"113,0",CamAPS FreeStyle Libre 3
04.07.2026 23:20,"120,0",CamAPS FreeStyle Libre 3
04.07.2026 23:25,"128,0",CamAPS FreeStyle Libre 3
04.07.2026 23:35,"128,0",CamAPS FreeStyle Libre 3
04.07.2026 23:40,"124,0",CamAPS FreeStyle Libre 3
04.07.2026 23:45,"128,0",CamAPS FreeStyle Libre 3
04.07.2026 23:50,"137,0",CamAPS FreeStyle Libre 3
04.07.2026 23:55,"123,0",CamAPS FreeStyle Libre 3
05.07.2026 00:00,"104,0",CamAPS FreeStyle Libre 3
05.07.2026 00:05,"100,0",CamAPS FreeStyle Libre 3
05.07.2026 00:10,"102,0",CamAPS FreeStyle Libre 3
05.07.2026 00:15,"104,0",CamAPS FreeStyle Libre 3
05.07.2026 00:20,"104,0",CamAPS FreeStyle Libre 3
05.07.2026 00:25,"108,0",CamAPS FreeStyle Libre 3
05.07.2026 00:30,"105,0",CamAPS FreeStyle Libre 3
05.07.2026 00:35,"100,0",CamAPS FreeStyle Libre 3
05.07.2026 00:40,"96,0",CamAPS FreeStyle Libre 3
05.07.2026 00:45,"98,0",CamAPS FreeStyle Libre 3
05.07.2026 00:50,"98,0",CamAPS FreeStyle Libre 3
05.07.2026 00:55,"97,0",CamAPS FreeStyle Libre 3
05.07.2026 01:00,"94,0",CamAPS FreeStyle Libre 3
05.07.2026 01:05,"96,0",CamAPS FreeStyle Libre 3
05.07.2026 01:10,"96,0",CamAPS FreeStyle Libre 3
05.07.2026 01:15,"92,0",CamAPS FreeStyle Libre 3
05.07.2026 01:20,"100,0",CamAPS FreeStyle Libre 3
05.07.2026 01:25,"104,0",CamAPS FreeStyle Libre 3
05.07.2026 01:30,"101,0",CamAPS FreeStyle Libre 3
05.07.2026 01:35,"98,0",CamAPS FreeStyle Libre 3
05.07.2026 01:40,"102,0",CamAPS FreeStyle Libre 3
05.07.2026 01:45,"101,0",CamAPS FreeStyle Libre 3
05.07.2026 01:55,"104,0",CamAPS FreeStyle Libre 3
05.07.2026 02:00,"100,0",CamAPS FreeStyle Libre 3
05.07.2026 02:05,"95,0",CamAPS FreeStyle Libre 3
05.07.2026 02:10,"101,0",CamAPS FreeStyle Libre 3
05.07.2026 02:15,"112,0",CamAPS FreeStyle Libre 3
05.07.2026 02:20,"120,0",CamAPS FreeStyle Libre 3
05.07.2026 02:25,"115,0",CamAPS FreeStyle Libre 3
05.07.2026 02:30,"117,0",CamAPS FreeStyle Libre 3
05.07.2026 02:35,"112,0",CamAPS FreeStyle Libre 3
05.07.2026 02:40,"112,0",CamAPS FreeStyle Libre 3
05.07.2026 02:45,"104,0",CamAPS FreeStyle Libre 3
05.07.2026 02:50,"103,0",CamAPS FreeStyle Libre 3
05.07.2026 02:55,"103,0",CamAPS FreeStyle Libre 3
05.07.2026 03:00,"113,0",CamAPS FreeStyle Libre 3
05.07.2026 03:05,"107,0",CamAPS FreeStyle Libre 3
05.07.2026 03:10,"110,0",CamAPS FreeStyle Libre 3
05.07.2026 03:15,"108,0",CamAPS FreeStyle Libre 3
05.07.2026 03:20,"95,0",CamAPS FreeStyle Libre 3
05.07.2026 03:25,"101,0",CamAPS FreeStyle Libre 3
05.07.2026 03:30,"99,0",CamAPS FreeStyle Libre 3
05.07.2026 03:40,"108,0",CamAPS FreeStyle Libre 3
05.07.2026 03:45,"108,0",CamAPS FreeStyle Libre 3
05.07.2026 03:50,"109,0",CamAPS FreeStyle Libre 3
05.07.2026 03:55,"111,0",CamAPS FreeStyle Libre 3
05.07.2026 04:00,"110,0",CamAPS FreeStyle Libre 3
05.07.2026 04:05,"108,0",CamAPS FreeStyle Libre 3
05.07.2026 04:10,"109,0",CamAPS FreeStyle Libre 3
05.07.2026 04:15,"105,0",CamAPS FreeStyle Libre 3
05.07.2026 04:20,"110,0",CamAPS FreeStyle Libre 3
05.07.2026 04:25,"107,0",CamAPS FreeStyle Libre 3
05.07.2026 04:30,"113,0",CamAPS FreeStyle Libre 3
05.07.2026 04:35,"108,0",CamAPS FreeStyle Libre 3
05.07.2026 04:45,"109,0",CamAPS FreeStyle Libre 3
05.07.2026 04:50,"125,0",CamAPS FreeStyle Libre 3
05.07.2026 04:55,"122,0",CamAPS FreeStyle Libre 3
05.07.2026 05:00,"128,0",CamAPS FreeStyle Libre 3
05.07.2026 05:05,"124,0",CamAPS FreeStyle Libre 3
05.07.2026 05:10,"123,0",CamAPS FreeStyle Libre 3
05.07.2026 05:15,"127,0",CamAPS FreeStyle Libre 3
05.07.2026 05:25,"134,0",CamAPS FreeStyle Libre 3
05.07.2026 05:30,"135,0",CamAPS FreeStyle Libre 3
05.07.2026 05:35,"145,0",CamAPS FreeStyle Libre 3
05.07.2026 05:40,"147,0",CamAPS FreeStyle Libre 3
05.07.2026 05:45,"154,0",CamAPS FreeStyle Libre 3
05.07.2026 05:50,"154,0",CamAPS FreeStyle Libre 3
05.07.2026 05:55,"153,0",CamAPS FreeStyle Libre 3
05.07.2026 06:00,"159,0",CamAPS FreeStyle Libre 3
05.07.2026 06:05,"162,0",CamAPS FreeStyle Libre 3
05.07.2026 06:10,"161,0",CamAPS FreeStyle Libre 3
05.07.2026 06:15,"159,0",CamAPS FreeStyle Libre 3
05.07.2026 06:20,"163,0",CamAPS FreeStyle Libre 3
05.07.2026 06:25,"169,0",CamAPS FreeStyle Libre 3
05.07.2026 06:30,"165,0",CamAPS FreeStyle Libre 3
05.07.2026 06:35,"165,0",CamAPS FreeStyle Libre 3
05.07.2026 06:40,"160,0",CamAPS FreeStyle Libre 3
05.07.2026 06:45,"150,0",CamAPS FreeStyle Libre 3
05.07.2026 06:50,"147,0",CamAPS FreeStyle Libre 3
05.07.2026 06:55,"149,0",CamAPS FreeStyle Libre 3
05.07.2026 07:00,"145,0",CamAPS FreeStyle Libre 3
05.07.2026 07:05,"141,0",CamAPS FreeStyle Libre 3
05.07.2026 07:10,"141,0",CamAPS FreeStyle Libre 3
05.07.2026 07:15,"136,0",CamAPS FreeStyle Libre 3
05.07.2026 07:20,"139,0",CamAPS FreeStyle Libre 3
05.07.2026 07:25,"156,0",CamAPS FreeStyle Libre 3
05.07.2026 07:30,"178,0",CamAPS FreeStyle Libre 3
05.07.2026 07:35,"185,0",CamAPS FreeStyle Libre 3
05.07.2026 07:40,"190,0",CamAPS FreeStyle Libre 3
05.07.2026 07:45,"187,0",CamAPS FreeStyle Libre 3
05.07.2026 07:50,"186,0",CamAPS FreeStyle Libre 3
05.07.2026 07:55,"189,0",CamAPS FreeStyle Libre 3
05.07.2026 08:00,"190,0",CamAPS FreeStyle Libre 3
05.07.2026 08:05,"188,0",CamAPS FreeStyle Libre 3
05.07.2026 08:10,"192,0",CamAPS FreeStyle Libre 3
05.07.2026 08:15,"189,0",CamAPS FreeStyle Libre 3
05.07.2026 08:20,"185,0",CamAPS FreeStyle Libre 3
05.07.2026 08:25,"187,0",CamAPS FreeStyle Libre 3
05.07.2026 08:30,"175,0",CamAPS FreeStyle Libre 3
05.07.2026 08:35,"172,0",CamAPS FreeStyle Libre 3
05.07.2026 08:40,"164,0",CamAPS FreeStyle Libre 3
05.07.2026 08:45,"151,0",CamAPS FreeStyle Libre 3
05.07.2026 08:50,"156,0",CamAPS FreeStyle Libre 3
05.07.2026 08:55,"155,0",CamAPS FreeStyle Libre 3
05.07.2026 09:00,"148,0",CamAPS FreeStyle Libre 3
05.07.2026 09:05,"142,0",CamAPS FreeStyle Libre 3
05.07.2026 09:10,"133,0",CamAPS FreeStyle Libre 3
05.07.2026 09:15,"122,0",CamAPS FreeStyle Libre 3
05.07.2026 09:20,"120,0",CamAPS FreeStyle Libre 3
05.07.2026 09:25,"125,0",CamAPS FreeStyle Libre 3
05.07.2026 09:30,"115,0",CamAPS FreeStyle Libre 3
05.07.2026 09:35,"117,0",CamAPS FreeStyle Libre 3
05.07.2026 09:40,"110,0",CamAPS FreeStyle Libre 3
05.07.2026 09:50,"100,0",CamAPS FreeStyle Libre 3
05.07.2026 09:55,"95,0",CamAPS FreeStyle Libre 3
05.07.2026 10:00,"102,0",CamAPS FreeStyle Libre 3
05.07.2026 10:05,"103,0",CamAPS FreeStyle Libre 3
05.07.2026 10:15,"99,0",CamAPS FreeStyle Libre 3
05.07.2026 10:20,"98,0",CamAPS FreeStyle Libre 3
05.07.2026 10:25,"93,0",CamAPS FreeStyle Libre 3
05.07.2026 10:30,"86,0",CamAPS FreeStyle Libre 3
05.07.2026 10:35,"89,0",CamAPS FreeStyle Libre 3
05.07.2026 10:40,"87,0",CamAPS FreeStyle Libre 3
05.07.2026 10:45,"87,0",CamAPS FreeStyle Libre 3
05.07.2026 10:50,"83,0",CamAPS FreeStyle Libre 3
05.07.2026 10:55,"85,0",CamAPS FreeStyle Libre 3
05.07.2026 11:05,"82,0",CamAPS FreeStyle Libre 3
05.07.2026 11:10,"78,0",CamAPS FreeStyle Libre 3
05.07.2026 11:15,"75,0",CamAPS FreeStyle Libre 3
05.07.2026 11:20,"114,0",CamAPS FreeStyle Libre 3
05.07.2026 11:25,"111,0",CamAPS FreeStyle Libre 3
05.07.2026 11:30,"111,0",CamAPS FreeStyle Libre 3
05.07.2026 11:35,"121,0",CamAPS FreeStyle Libre 3
05.07.2026 11:40,"118,0",CamAPS FreeStyle Libre 3
05.07.2026 11:45,"112,0",CamAPS FreeStyle Libre 3
05.07.2026 11:50,"112,0",CamAPS FreeStyle Libre 3
05.07.2026 11:55,"116,0",CamAPS FreeStyle Libre 3
05.07.2026 12:00,"112,0",CamAPS FreeStyle Libre 3
05.07.2026 12:05,"109,0",CamAPS FreeStyle Libre 3
05.07.2026 12:10,"106,0",CamAPS FreeStyle Libre 3
05.07.2026 12:15,"115,0",CamAPS FreeStyle Libre 3
05.07.2026 12:20,"115,0",CamAPS FreeStyle Libre 3
05.07.2026 12:25,"117,0",CamAPS FreeStyle Libre 3
05.07.2026 12:30,"111,0",CamAPS FreeStyle Libre 3
05.07.2026 12:35,"123,0",CamAPS FreeStyle Libre 3
05.07.2026 12:45,"203,0",CamAPS FreeStyle Libre 3
05.07.2026 12:50,"231,0",CamAPS FreeStyle Libre 3
05.07.2026 12:55,"248,0",CamAPS FreeStyle Libre 3
05.07.2026 13:00,"256,0",CamAPS FreeStyle Libre 3
05.07.2026 13:05,"278,0",CamAPS FreeStyle Libre 3
05.07.2026 13:10,"288,0",CamAPS FreeStyle Libre 3
05.07.2026 13:15,"302,0",CamAPS FreeStyle Libre 3
05.07.2026 13:20,"309,0",CamAPS FreeStyle Libre 3
05.07.2026 13:25,"308,0",CamAPS FreeStyle Libre 3
05.07.2026 13:30,"313,0",CamAPS FreeStyle Libre 3
05.07.2026 13:35,"306,0",CamAPS FreeStyle Libre 3
05.07.2026 13:40,"295,0",CamAPS FreeStyle Libre 3
05.07.2026 13:45,"277,0",CamAPS FreeStyle Libre 3
05.07.2026 13:50,"272,0",CamAPS FreeStyle Libre 3
05.07.2026 13:55,"264,0",CamAPS FreeStyle Libre 3
05.07.2026 14:00,"252,0",CamAPS FreeStyle Libre 3
05.07.2026 14:05,"240,0",CamAPS FreeStyle Libre 3
05.07.2026 14:10,"226,0",CamAPS FreeStyle Libre 3
05.07.2026 14:15,"232,0",CamAPS FreeStyle Libre 3
05.07.2026 14:20,"213,0",CamAPS FreeStyle Libre 3
05.07.2026 14:25,"212,0",CamAPS FreeStyle Libre 3
05.07.2026 14:30,"201,0",CamAPS FreeStyle Libre 3
05.07.2026 14:35,"200,0",CamAPS FreeStyle Libre 3
05.07.2026 14:40,"197,0",CamAPS FreeStyle Libre 3
05.07.2026 14:45,"197,0",CamAPS FreeStyle Libre 3
05.07.2026 14:50,"196,0",CamAPS FreeStyle Libre 3
05.07.2026 14:55,"197,0",CamAPS FreeStyle Libre 3
05.07.2026 15:00,"189,0",CamAPS FreeStyle Libre 3
05.07.2026 15:05,"186,0",CamAPS FreeStyle Libre 3
05.07.2026 15:10,"185,0",CamAPS FreeStyle Libre 3
05.07.2026 15:15,"186,0",CamAPS FreeStyle Libre 3
05.07.2026 15:20,"182,0",CamAPS FreeStyle Libre 3
05.07.2026 15:25,"177,0",CamAPS FreeStyle Libre 3
05.07.2026 15:30,"185,0",CamAPS FreeStyle Libre 3
05.07.2026 15:35,"179,0",CamAPS FreeStyle Libre 3
05.07.2026 15:40,"178,0",CamAPS FreeStyle Libre 3
05.07.2026 15:45,"181,0",CamAPS FreeStyle Libre 3
05.07.2026 15:50,"185,0",CamAPS FreeStyle Libre 3
05.07.2026 15:55,"180,0",CamAPS FreeStyle Libre 3
05.07.2026 16:00,"174,0",CamAPS FreeStyle Libre 3
05.07.2026 16:05,"166,0",CamAPS FreeStyle Libre 3
05.07.2026 16:10,"165,0",CamAPS FreeStyle Libre 3
05.07.2026 16:15,"174,0",CamAPS FreeStyle Libre 3
05.07.2026 16:20,"182,0",CamAPS FreeStyle Libre 3
05.07.2026 16:25,"185,0",CamAPS FreeStyle Libre 3
05.07.2026 16:30,"194,0",CamAPS FreeStyle Libre 3
05.07.2026 16:35,"119,0",CamAPS FreeStyle Libre 3
05.07.2026 16:40,"110,0",CamAPS FreeStyle Libre 3
05.07.2026 16:45,"118,0",CamAPS FreeStyle Libre 3
05.07.2026 16:50,"98,0",CamAPS FreeStyle Libre 3
05.07.2026 16:55,"102,0",CamAPS FreeStyle Libre 3
05.07.2026 17:00,"115,0",CamAPS FreeStyle Libre 3
05.07.2026 17:10,"113,0",CamAPS FreeStyle Libre 3
05.07.2026 17:15,"124,0",CamAPS FreeStyle Libre 3
05.07.2026 17:20,"126,0",CamAPS FreeStyle Libre 3
05.07.2026 17:25,"131,0",CamAPS FreeStyle Libre 3
05.07.2026 17:30,"136,0",CamAPS FreeStyle Libre 3
05.07.2026 17:35,"134,0",CamAPS FreeStyle Libre 3
05.07.2026 17:40,"140,0",CamAPS FreeStyle Libre 3
05.07.2026 17:45,"142,0",CamAPS FreeStyle Libre 3
05.07.2026 17:50,"139,0",CamAPS FreeStyle Libre 3
05.07.2026 17:55,"135,0",CamAPS FreeStyle Libre 3
05.07.2026 18:00,"129,0",CamAPS FreeStyle Libre 3
05.07.2026 18:05,"126,0",CamAPS FreeStyle Libre 3
05.07.2026 18:10,"128,0",CamAPS FreeStyle Libre 3
05.07.2026 18:15,"121,0",CamAPS FreeStyle Libre 3
05.07.2026 18:20,"123,0",CamAPS FreeStyle Libre 3
05.07.2026 18:25,"120,0",CamAPS FreeStyle Libre 3
05.07.2026 18:30,"118,0",CamAPS FreeStyle Libre 3
05.07.2026 18:35,"114,0",CamAPS FreeStyle Libre 3
05.07.2026 18:40,"113,0",CamAPS FreeStyle Libre 3
05.07.2026 18:45,"128,0",CamAPS FreeStyle Libre 3
05.07.2026 18:50,"154,0",CamAPS FreeStyle Libre 3
05.07.2026 18:55,"170,0",CamAPS FreeStyle Libre 3
05.07.2026 19:00,"179,0",CamAPS FreeStyle Libre 3
05.07.2026 19:05,"187,0",CamAPS FreeStyle Libre 3
05.07.2026 19:10,"197,0",CamAPS FreeStyle Libre 3
05.07.2026 19:15,"205,0",CamAPS FreeStyle Libre 3
05.07.2026 19:20,"201,0",CamAPS FreeStyle Libre 3
05.07.2026 19:25,"201,0",CamAPS FreeStyle Libre 3
05.07.2026 19:30,"197,0",CamAPS FreeStyle Libre 3
05.07.2026 19:35,"198,0",CamAPS FreeStyle Libre 3
05.07.2026 19:40,"189,0",CamAPS FreeStyle Libre 3
05.07.2026 19:45,"184,0",CamAPS FreeStyle Libre 3
05.07.2026 19:50,"190,0",CamAPS FreeStyle Libre 3
05.07.2026 19:55,"179,0",CamAPS FreeStyle Libre 3
05.07.2026 20:00,"174,0",CamAPS FreeStyle Libre 3
05.07.2026 20:05,"178,0",CamAPS FreeStyle Libre 3
05.07.2026 20:10,"175,0",CamAPS FreeStyle Libre 3
05.07.2026 20:15,"160,0",CamAPS FreeStyle Libre 3
05.07.2026 20:20,"156,0",CamAPS FreeStyle Libre 3
05.07.2026 20:25,"153,0",CamAPS FreeStyle Libre 3
05.07.2026 20:30,"150,0",CamAPS FreeStyle Libre 3
05.07.2026 20:35,"142,0",CamAPS FreeStyle Libre 3
05.07.2026 20:40,"140,0",CamAPS FreeStyle Libre 3
05.07.2026 20:45,"135,0",CamAPS FreeStyle Libre 3
05.07.2026 20:50,"136,0",CamAPS FreeStyle Libre 3
05.07.2026 20:55,"131,0",CamAPS FreeStyle Libre 3
05.07.2026 21:00,"133,0",CamAPS FreeStyle Libre 3
05.07.2026 21:10,"113,0",CamAPS FreeStyle Libre 3
05.07.2026 21:15,"125,0",CamAPS FreeStyle Libre 3
05.07.2026 21:20,"125,0",CamAPS FreeStyle Libre 3
05.07.2026 21:25,"130,0",CamAPS FreeStyle Libre 3
05.07.2026 21:30,"125,0",CamAPS FreeStyle Libre 3
05.07.2026 21:35,"120,0",CamAPS FreeStyle Libre 3
05.07.2026 21:40,"115,0",CamAPS FreeStyle Libre 3
05.07.2026 21:45,"119,0",CamAPS FreeStyle Libre 3
05.07.2026 21:50,"120,0",CamAPS FreeStyle Libre 3
05.07.2026 21:55,"115,0",CamAPS FreeStyle Libre 3
05.07.2026 22:00,"115,0",CamAPS FreeStyle Libre 3
05.07.2026 22:05,"118,0",CamAPS FreeStyle Libre 3
05.07.2026 22:10,"114,0",CamAPS FreeStyle Libre 3
05.07.2026 22:15,"115,0",CamAPS FreeStyle Libre 3
05.07.2026 22:20,"116,0",CamAPS FreeStyle Libre 3
05.07.2026 22:25,"125,0",CamAPS FreeStyle Libre 3
05.07.2026 22:30,"121,0",CamAPS FreeStyle Libre 3
05.07.2026 22:35,"122,0",CamAPS FreeStyle Libre 3
05.07.2026 22:40,"128,0",CamAPS FreeStyle Libre 3
05.07.2026 22:45,"96,0",CamAPS FreeStyle Libre 3
05.07.2026 22:50,"96,0",CamAPS FreeStyle Libre 3
05.07.2026 22:55,"101,0",CamAPS FreeStyle Libre 3
05.07.2026 23:00,"97,0",CamAPS FreeStyle Libre 3
05.07.2026 23:05,"100,0",CamAPS FreeStyle Libre 3
05.07.2026 23:10,"100,0",CamAPS FreeStyle Libre 3
05.07.2026 23:15,"100,0",CamAPS FreeStyle Libre 3
05.07.2026 23:20,"105,0",CamAPS FreeStyle Libre 3
05.07.2026 23:25,"102,0",CamAPS FreeStyle Libre 3
05.07.2026 23:30,"99,0",CamAPS FreeStyle Libre 3
05.07.2026 23:35,"94,0",CamAPS FreeStyle Libre 3
05.07.2026 23:40,"94,0",CamAPS FreeStyle Libre 3
05.07.2026 23:45,"103,0",CamAPS FreeStyle Libre 3
05.07.2026 23:50,"104,0",CamAPS FreeStyle Libre 3
05.07.2026 23:55,"105,0",CamAPS FreeStyle Libre 3
06.07.2026 00:00,"127,0",CamAPS FreeStyle Libre 3
06.07.2026 00:05,"134,0",CamAPS FreeStyle Libre 3
06.07.2026 00:10,"124,0",CamAPS FreeStyle Libre 3
06.07.2026 00:20,"125,0",CamAPS FreeStyle Libre 3
06.07.2026 00:25,"119,0",CamAPS FreeStyle Libre 3
06.07.2026 00:30,"133,0",CamAPS FreeStyle Libre 3
06.07.2026 00:35,"135,0",CamAPS FreeStyle Libre 3
06.07.2026 00:40,"134,0",CamAPS FreeStyle Libre 3
06.07.2026 00:45,"126,0",CamAPS FreeStyle Libre 3
06.07.2026 00:50,"124,0",CamAPS FreeStyle Libre 3
06.07.2026 00:55,"134,0",CamAPS FreeStyle Libre 3
06.07.2026 01:05,"138,0",CamAPS FreeStyle Libre 3
06.07.2026 01:10,"135,0",CamAPS FreeStyle Libre 3
06.07.2026 01:15,"133,0",CamAPS FreeStyle Libre 3
06.07.2026 01:20,"131,0",CamAPS FreeStyle Libre 3
06.07.2026 01:25,"125,0",CamAPS FreeStyle Libre 3
06.07.2026 01:30,"128,0",CamAPS FreeStyle Libre 3
06.07.2026 01:35,"128,0",CamAPS FreeStyle Libre 3
06.07.2026 01:40,"123,0",CamAPS FreeStyle Libre 3
06.07.2026 01:45,"123,0",CamAPS FreeStyle Libre 3
06.07.2026 01:50,"130,0",CamAPS FreeStyle Libre 3
06.07.2026 01:55,"133,0",CamAPS FreeStyle Libre 3
06.07.2026 02:00,"135,0",CamAPS FreeStyle Libre 3
06.07.2026 02:05,"134,0",CamAPS FreeStyle Libre 3
06.07.2026 02:10,"141,0",CamAPS FreeStyle Libre 3
06.07.2026 02:15,"136,0",CamAPS FreeStyle Libre 3
06.07.2026 02:20,"141,0",CamAPS FreeStyle Libre 3
06.07.2026 02:25,"135,0",CamAPS FreeStyle Libre 3
06.07.2026 02:30,"133,0",CamAPS FreeStyle Libre 3
06.07.2026 02:35,"123,0",CamAPS FreeStyle Libre 3
06.07.2026 02:40,"133,0",CamAPS FreeStyle Libre 3
06.07.2026 02:45,"133,0",CamAPS FreeStyle Libre 3
06.07.2026 02:50,"120,0",CamAPS FreeStyle Libre 3
06.07.2026 02:55,"123,0",CamAPS FreeStyle Libre 3
06.07.2026 03:00,"119,0",CamAPS FreeStyle Libre 3
06.07.2026 03:05,"117,0",CamAPS FreeStyle Libre 3
06.07.2026 03:10,"117,0",CamAPS FreeStyle Libre 3
06.07.2026 03:15,"137,0",CamAPS FreeStyle Libre 3
06.07.2026 03:20,"128,0",CamAPS FreeStyle Libre 3
06.07.2026 03:25,"142,0",CamAPS FreeStyle Libre 3
06.07.2026 03:30,"126,0",CamAPS FreeStyle Libre 3
06.07.2026 03:35,"128,0",CamAPS FreeStyle Libre 3
06.07.2026 03:40,"122,0",CamAPS FreeStyle Libre 3
06.07.2026 03:45,"135,0",CamAPS FreeStyle Libre 3
06.07.2026 03:50,"136,0",CamAPS FreeStyle Libre 3
06.07.2026 03:55,"126,0",CamAPS FreeStyle Libre 3
06.07.2026 04:00,"126,0",CamAPS FreeStyle Libre 3
06.07.2026 04:05,"139,0",CamAPS FreeStyle Libre 3
06.07.2026 04:10,"135,0",CamAPS FreeStyle Libre 3
06.07.2026 04:15,"144,0",CamAPS FreeStyle Libre 3
06.07.2026 04:20,"127,0",CamAPS FreeStyle Libre 3
06.07.2026 04:25,"135,0",CamAPS FreeStyle Libre 3
06.07.2026 04:30,"129,0",CamAPS FreeStyle Libre 3
06.07.2026 04:35,"147,0",CamAPS FreeStyle Libre 3
06.07.2026 04:40,"130,0",CamAPS FreeStyle Libre 3
06.07.2026 04:45,"118,0",CamAPS FreeStyle Libre 3
06.07.2026 04:50,"144,0",CamAPS FreeStyle Libre 3
06.07.2026 04:55,"136,0",CamAPS FreeStyle Libre 3
06.07.2026 05:00,"128,0",CamAPS FreeStyle Libre 3
06.07.2026 05:05,"143,0",CamAPS FreeStyle Libre 3
06.07.2026 05:10,"145,0",CamAPS FreeStyle Libre 3
06.07.2026 05:15,"141,0",CamAPS FreeStyle Libre 3
06.07.2026 05:20,"141,0",CamAPS FreeStyle Libre 3
06.07.2026 05:25,"143,0",CamAPS FreeStyle Libre 3
06.07.2026 05:30,"138,0",CamAPS FreeStyle Libre 3
06.07.2026 05:35,"141,0",CamAPS FreeStyle Libre 3
06.07.2026 05:40,"145,0",CamAPS FreeStyle Libre 3
06.07.2026 05:45,"144,0",CamAPS FreeStyle Libre 3
06.07.2026 05:50,"151,0",CamAPS FreeStyle Libre 3
06.07.2026 05:55,"156,0",CamAPS FreeStyle Libre 3
06.07.2026 06:00,"142,0",CamAPS FreeStyle Libre 3
06.07.2026 06:05,"138,0",CamAPS FreeStyle Libre 3
06.07.2026 06:10,"140,0",CamAPS FreeStyle Libre 3
06.07.2026 06:15,"144,0",CamAPS FreeStyle Libre 3
06.07.2026 06:20,"147,0",CamAPS FreeStyle Libre 3
06.07.2026 06:25,"145,0",CamAPS FreeStyle Libre 3
06.07.2026 06:30,"144,0",CamAPS FreeStyle Libre 3
06.07.2026 06:35,"147,0",CamAPS FreeStyle Libre 3
06.07.2026 06:40,"144,0",CamAPS FreeStyle Libre 3
06.07.2026 06:45,"147,0",CamAPS FreeStyle Libre 3
06.07.2026 06:50,"159,0",CamAPS FreeStyle Libre 3
06.07.2026 06:55,"155,0",CamAPS FreeStyle Libre 3
06.07.2026 07:00,"154,0",CamAPS FreeStyle Libre 3
06.07.2026 07:05,"151,0",CamAPS FreeStyle Libre 3
06.07.2026 07:10,"156,0",CamAPS FreeStyle Libre 3
06.07.2026 07:15,"146,0",CamAPS FreeStyle Libre 3
06.07.2026 07:20,"142,0",CamAPS FreeStyle Libre 3
06.07.2026 07:25,"130,0",CamAPS FreeStyle Libre 3
06.07.2026 07:30,"139,0",CamAPS FreeStyle Libre 3
06.07.2026 07:35,"141,0",CamAPS FreeStyle Libre 3
06.07.2026 07:40,"148,0",CamAPS FreeStyle Libre 3
06.07.2026 07:45,"149,0",CamAPS FreeStyle Libre 3
06.07.2026 07:50,"142,0",CamAPS FreeStyle Libre 3
06.07.2026 07:55,"161,0",CamAPS FreeStyle Libre 3
06.07.2026 08:00,"176,0",CamAPS FreeStyle Libre 3
06.07.2026 08:05,"181,0",CamAPS FreeStyle Libre 3
06.07.2026 08:10,"191,0",CamAPS FreeStyle Libre 3
06.07.2026 08:15,"195,0",CamAPS FreeStyle Libre 3
06.07.2026 08:20,"199,0",CamAPS FreeStyle Libre 3
06.07.2026 08:25,"209,0",CamAPS FreeStyle Libre 3
06.07.2026 08:30,"213,0",CamAPS FreeStyle Libre 3
06.07.2026 08:35,"219,0",CamAPS FreeStyle Libre 3
06.07.2026 08:40,"216,0",CamAPS FreeStyle Libre 3
06.07.2026 08:45,"218,0",CamAPS FreeStyle Libre 3
06.07.2026 08:50,"213,0",CamAPS FreeStyle Libre 3
06.07.2026 08:55,"215,0",CamAPS FreeStyle Libre 3
06.07.2026 09:00,"212,0",CamAPS FreeStyle Libre 3
06.07.2026 09:05,"197,0",CamAPS FreeStyle Libre 3
06.07.2026 09:10,"187,0",CamAPS FreeStyle Libre 3
06.07.2026 09:15,"182,0",CamAPS FreeStyle Libre 3
06.07.2026 09:20,"176,0",CamAPS FreeStyle Libre 3
06.07.2026 09:25,"165,0",CamAPS FreeStyle Libre 3
06.07.2026 09:30,"167,0",CamAPS FreeStyle Libre 3
06.07.2026 09:35,"150,0",CamAPS FreeStyle Libre 3
06.07.2026 09:40,"140,0",CamAPS FreeStyle Libre 3
06.07.2026 09:45,"127,0",CamAPS FreeStyle Libre 3
06.07.2026 09:50,"133,0",CamAPS FreeStyle Libre 3
06.07.2026 09:55,"124,0",CamAPS FreeStyle Libre 3
06.07.2026 10:00,"119,0",CamAPS FreeStyle Libre 3
06.07.2026 10:05,"121,0",CamAPS FreeStyle Libre 3
06.07.2026 10:10,"116,0",CamAPS FreeStyle Libre 3
06.07.2026 10:15,"117,0",CamAPS FreeStyle Libre 3
06.07.2026 10:20,"113,0",CamAPS FreeStyle Libre 3
06.07.2026 10:25,"103,0",CamAPS FreeStyle Libre 3
06.07.2026 10:30,"98,0",CamAPS FreeStyle Libre 3
06.07.2026 10:35,"98,0",CamAPS FreeStyle Libre 3
06.07.2026 10:40,"93,0",CamAPS FreeStyle Libre 3
06.07.2026 10:45,"91,0",CamAPS FreeStyle Libre 3
06.07.2026 10:50,"89,0",CamAPS FreeStyle Libre 3
06.07.2026 10:55,"85,0",CamAPS FreeStyle Libre 3
06.07.2026 11:00,"74,0",CamAPS FreeStyle Libre 3
06.07.2026 11:05,"74,0",CamAPS FreeStyle Libre 3
06.07.2026 11:10,"72,0",CamAPS FreeStyle Libre 3
06.07.2026 11:15,"66,0",CamAPS FreeStyle Libre 3
06.07.2026 11:20,"70,0",CamAPS FreeStyle Libre 3
06.07.2026 11:25,"70,0",CamAPS FreeStyle Libre 3
06.07.2026 11:30,"67,0",CamAPS FreeStyle Libre 3
06.07.2026 11:35,"65,0",CamAPS FreeStyle Libre 3
06.07.2026 11:40,"62,0",CamAPS FreeStyle Libre 3
06.07.2026 11:45,"58,0",CamAPS FreeStyle Libre 3
06.07.2026 11:50,"114,0",CamAPS FreeStyle Libre 3
06.07.2026 11:55,"114,0",CamAPS FreeStyle Libre 3
06.07.2026 12:00,"117,0",CamAPS FreeStyle Libre 3
06.07.2026 12:05,"116,0",CamAPS FreeStyle Libre 3
06.07.2026 12:10,"109,0",CamAPS FreeStyle Libre 3
06.07.2026 12:15,"105,0",CamAPS FreeStyle Libre 3
06.07.2026 12:25,"154,0",CamAPS FreeStyle Libre 3
06.07.2026 12:30,"190,0",CamAPS FreeStyle Libre 3
06.07.2026 12:35,"222,0",CamAPS FreeStyle Libre 3
06.07.2026 12:40,"237,0",CamAPS FreeStyle Libre 3
06.07.2026 12:45,"252,0",CamAPS FreeStyle Libre 3
06.07.2026 12:50,"262,0",CamAPS FreeStyle Libre 3
06.07.2026 12:55,"282,0",CamAPS FreeStyle Libre 3
06.07.2026 13:00,"289,0",CamAPS FreeStyle Libre 3
06.07.2026 13:05,"293,0",CamAPS FreeStyle Libre 3
06.07.2026 13:10,"298,0",CamAPS FreeStyle Libre 3
06.07.2026 13:15,"295,0",CamAPS FreeStyle Libre 3
06.07.2026 13:20,"289,0",CamAPS FreeStyle Libre 3
06.07.2026 13:25,"286,0",CamAPS FreeStyle Libre 3
06.07.2026 13:30,"276,0",CamAPS FreeStyle Libre 3
06.07.2026 13:35,"261,0",CamAPS FreeStyle Libre 3
06.07.2026 13:40,"258,0",CamAPS FreeStyle Libre 3
06.07.2026 13:45,"251,0",CamAPS FreeStyle Libre 3
06.07.2026 13:50,"245,0",CamAPS FreeStyle Libre 3
06.07.2026 13:55,"247,0",CamAPS FreeStyle Libre 3
06.07.2026 14:00,"239,0",CamAPS FreeStyle Libre 3
06.07.2026 14:05,"232,0",CamAPS FreeStyle Libre 3
06.07.2026 14:10,"232,0",CamAPS FreeStyle Libre 3
06.07.2026 14:15,"221,0",CamAPS FreeStyle Libre 3
06.07.2026 14:20,"213,0",CamAPS FreeStyle Libre 3
06.07.2026 14:25,"213,0",CamAPS FreeStyle Libre 3
06.07.2026 14:30,"207,0",CamAPS FreeStyle Libre 3
06.07.2026 14:35,"197,0",CamAPS FreeStyle Libre 3
06.07.2026 14:40,"205,0",CamAPS FreeStyle Libre 3
06.07.2026 14:45,"204,0",CamAPS FreeStyle Libre 3
06.07.2026 14:50,"202,0",CamAPS FreeStyle Libre 3
06.07.2026 14:55,"201,0",CamAPS FreeStyle Libre 3
06.07.2026 15:00,"201,0",CamAPS FreeStyle Libre 3
06.07.2026 15:10,"196,0",CamAPS FreeStyle Libre 3
06.07.2026 15:15,"202,0",CamAPS FreeStyle Libre 3
06.07.2026 15:20,"207,0",CamAPS FreeStyle Libre 3
06.07.2026 15:25,"202,0",CamAPS FreeStyle Libre 3
06.07.2026 15:30,"197,0",CamAPS FreeStyle Libre 3
06.07.2026 15:35,"193,0",CamAPS FreeStyle Libre 3
06.07.2026 15:40,"187,0",CamAPS FreeStyle Libre 3
06.07.2026 15:45,"189,0",CamAPS FreeStyle Libre 3
06.07.2026 15:50,"195,0",CamAPS FreeStyle Libre 3
06.07.2026 15:55,"199,0",CamAPS FreeStyle Libre 3
06.07.2026 16:00,"208,0",CamAPS FreeStyle Libre 3
06.07.2026 16:05,"195,0",CamAPS FreeStyle Libre 3
06.07.2026 16:10,"195,0",CamAPS FreeStyle Libre 3
06.07.2026 16:15,"195,0",CamAPS FreeStyle Libre 3
06.07.2026 16:20,"101,0",CamAPS FreeStyle Libre 3
06.07.2026 16:30,"112,0",CamAPS FreeStyle Libre 3
06.07.2026 16:35,"112,0",CamAPS FreeStyle Libre 3
06.07.2026 16:40,"105,0",CamAPS FreeStyle Libre 3
06.07.2026 16:45,"101,0",CamAPS FreeStyle Libre 3
06.07.2026 16:50,"109,0",CamAPS FreeStyle Libre 3
06.07.2026 16:55,"100,0",CamAPS FreeStyle Libre 3
06.07.2026 17:00,"108,0",CamAPS FreeStyle Libre 3
06.07.2026 17:05,"99,0",CamAPS FreeStyle Libre 3
06.07.2026 17:10,"111,0",CamAPS FreeStyle Libre 3
06.07.2026 17:15,"111,0",CamAPS FreeStyle Libre 3
06.07.2026 17:20,"115,0",CamAPS FreeStyle Libre 3
06.07.2026 17:25,"111,0",CamAPS FreeStyle Libre 3
06.07.2026 17:30,"102,0",CamAPS FreeStyle Libre 3
06.07.2026 17:35,"97,0",CamAPS FreeStyle Libre 3
06.07.2026 17:40,"93,0",CamAPS FreeStyle Libre 3
06.07.2026 17:45,"100,0",CamAPS FreeStyle Libre 3
06.07.2026 17:50,"105,0",CamAPS FreeStyle Libre 3
06.07.2026 18:00,"109,0",CamAPS FreeStyle Libre 3
06.07.2026 18:05,"114,0",CamAPS FreeStyle Libre 3
06.07.2026 18:10,"106,0",CamAPS FreeStyle Libre 3
06.07.2026 18:15,"103,0",CamAPS FreeStyle Libre 3
06.07.2026 18:20,"106,0",CamAPS FreeStyle Libre 3
06.07.2026 18:25,"106,0",CamAPS FreeStyle Libre 3
06.07.2026 18:30,"107,0",CamAPS FreeStyle Libre 3
06.07.2026 18:35,"106,0",CamAPS FreeStyle Libre 3
06.07.2026 18:40,"101,0",CamAPS FreeStyle Libre 3
06.07.2026 18:45,"107,0",CamAPS FreeStyle Libre 3
06.07.2026 18:50,"101,0",CamAPS FreeStyle Libre 3
06.07.2026 18:55,"105,0",CamAPS FreeStyle Libre 3
06.07.2026 19:00,"116,0",CamAPS FreeStyle Libre 3
06.07.2026 19:05,"117,0",CamAPS FreeStyle Libre 3
06.07.2026 19:10,"115,0",CamAPS FreeStyle Libre 3
06.07.2026 19:15,"111,0",CamAPS FreeStyle Libre 3
06.07.2026 19:20,"101,0",CamAPS FreeStyle Libre 3
06.07.2026 19:25,"105,0",CamAPS FreeStyle Libre 3
06.07.2026 19:35,"123,0",CamAPS FreeStyle Libre 3
06.07.2026 19:40,"153,0",CamAPS FreeStyle Libre 3
06.07.2026 19:45,"167,0",CamAPS FreeStyle Libre 3
06.07.2026 19:50,"189,0",CamAPS FreeStyle Libre 3
06.07.2026 19:55,"194,0",CamAPS FreeStyle Libre 3
06.07.2026 20:00,"208,0",CamAPS FreeStyle Libre 3
06.07.2026 20:05,"210,0",CamAPS FreeStyle Libre 3
06.07.2026 20:10,"217,0",CamAPS FreeStyle Libre 3
06.07.2026 20:15,"219,0",CamAPS FreeStyle Libre 3
06.07.2026 20:20,"224,0",CamAPS FreeStyle Libre 3
06.07.2026 20:25,"221,0",CamAPS FreeStyle Libre 3
06.07.2026 20:30,"217,0",CamAPS FreeStyle Libre 3
06.07.2026 20:35,"210,0",CamAPS FreeStyle Libre 3
06.07.2026 20:40,"209,0",CamAPS FreeStyle Libre 3
06.07.2026 20:45,"200,0",CamAPS FreeStyle Libre 3
06.07.2026 20:50,"198,0",CamAPS FreeStyle Libre 3
06.07.2026 20:55,"195,0",CamAPS FreeStyle Libre 3
06.07.2026 21:00,"189,0",CamAPS FreeStyle Libre 3
06.07.2026 21:05,"181,0",CamAPS FreeStyle Libre 3
06.07.2026 21:10,"177,0",CamAPS FreeStyle Libre 3
06.07.2026 21:15,"170,0",CamAPS FreeStyle Libre 3
06.07.2026 21:20,"168,0",CamAPS FreeStyle Libre 3
06.07.2026 21:25,"170,0",CamAPS FreeStyle Libre 3
06.07.2026 21:30,"165,0",CamAPS FreeStyle Libre 3
06.07.2026 21:35,"169,0",CamAPS FreeStyle Libre 3
06.07.2026 21:40,"162,0",CamAPS FreeStyle Libre 3
06.07.2026 21:45,"155,0",CamAPS FreeStyle Libre 3
06.07.2026 21:50,"155,0",CamAPS FreeStyle Libre 3
06.07.2026 21:55,"159,0",CamAPS FreeStyle Libre 3
06.07.2026 22:00,"161,0",CamAPS FreeStyle Libre 3
06.07.2026 22:05,"150,0",CamAPS FreeStyle Libre 3
06.07.2026 22:10,"145,0",CamAPS FreeStyle Libre 3
06.07.2026 22:15,"140,0",CamAPS FreeStyle Libre 3
06.07.2026 22:20,"138,0",CamAPS FreeStyle Libre 3
06.07.2026 22:25,"139,0",CamAPS FreeStyle Libre 3
06.07.2026 22:30,"148,0",CamAPS FreeStyle Libre 3
06.07.2026 22:35,"150,0",CamAPS FreeStyle Libre 3
06.07.2026 22:40,"153,0",CamAPS FreeStyle Libre 3
06.07.2026 22:45,"143,0",CamAPS FreeStyle Libre 3
06.07.2026 22:50,"150,0",CamAPS FreeStyle Libre 3
06.07.2026 22:55,"142,0",CamAPS FreeStyle Libre 3
06.07.2026 23:00,"148,0",CamAPS FreeStyle Libre 3
06.07.2026 23:05,"155,0",CamAPS FreeStyle Libre 3
06.07.2026 23:10,"151,0",CamAPS FreeStyle Libre 3
06.07.2026 23:15,"158,0",CamAPS FreeStyle Libre 3
06.07.2026 23:20,"151,0",CamAPS FreeStyle Libre 3
06.07.2026 23:25,"149,0",CamAPS FreeStyle Libre 3
06.07.2026 23:30,"149,0",CamAPS FreeStyle Libre 3
06.07.2026 23:35,"102,0",CamAPS FreeStyle Libre 3
06.07.2026 23:40,"104,0",CamAPS FreeStyle Libre 3
06.07.2026 23:45,"98,0",CamAPS FreeStyle Libre 3
06.07.2026 23:50,"105,0",CamAPS FreeStyle Libre 3
06.07.2026 23:55,"105,0",CamAPS FreeStyle Libre 3
07.07.2026 00:00,"101,0",CamAPS FreeStyle Libre 3
07.07.2026 00:05,"104,0",CamAPS FreeStyle Libre 3
07.07.2026 00:10,"101,0",CamAPS FreeStyle Libre 3
07.07.2026 00:15,"117,0",CamAPS FreeStyle Libre 3
07.07.2026 00:20,"115,0",CamAPS FreeStyle Libre 3
07.07.2026 00:25,"115,0",CamAPS FreeStyle Libre 3
07.07.2026 00:30,"112,0",CamAPS FreeStyle Libre 3
07.07.2026 00:35,"119,0",CamAPS FreeStyle Libre 3
07.07.2026 00:40,"113,0",CamAPS FreeStyle Libre 3
07.07.2026 00:45,"109,0",CamAPS FreeStyle Libre 3
07.07.2026 01:00,"106,0",CamAPS FreeStyle Libre 3
07.07.2026 01:05,"93,0",CamAPS FreeStyle Libre 3
07.07.2026 01:10,"97,0",CamAPS FreeStyle Libre 3
07.07.2026 01:15,"97,0",CamAPS FreeStyle Libre 3
07.07.2026 01:20,"92,0",CamAPS FreeStyle Libre 3
07.07.2026 01:25,"97,0",CamAPS FreeStyle Libre 3
07.07.2026 01:30,"102,0",CamAPS FreeStyle Libre 3
07.07.2026 01:35,"103,0",CamAPS FreeStyle Libre 3
07.07.2026 01:40,"91,0",CamAPS FreeStyle Libre 3
07.07.2026 01:45,"100,0",CamAPS FreeStyle Libre 3
07.07.2026 01:50,"109,0",CamAPS FreeStyle Libre 3
07.07.2026 01:55,"102,0",CamAPS FreeStyle Libre 3
07.07.2026 02:00,"97,0",CamAPS FreeStyle Libre 3
07.07.2026 02:05,"90,0",CamAPS FreeStyle Libre 3
07.07.2026 02:10,"99,0",CamAPS FreeStyle Libre 3
07.07.2026 02:15,"93,0",CamAPS FreeStyle Libre 3
07.07.2026 02:20,"97,0",CamAPS FreeStyle Libre 3
07.07.2026 02:25,"101,0",CamAPS FreeStyle Libre 3
07.07.2026 02:30,"105,0",CamAPS FreeStyle Libre 3
07.07.2026 02:35,"108,0",CamAPS FreeStyle Libre 3
07.07.2026 02:40,"107,0",CamAPS FreeStyle Libre 3
07.07.2026 02:45,"105,0",CamAPS FreeStyle Libre 3
07.07.2026 02:50,"100,0",CamAPS FreeStyle Libre 3
07.07.2026 02:55,"107,0",CamAPS FreeStyle Libre 3
07.07.2026 03:00,"111,0",CamAPS FreeStyle Libre 3
07.07.2026 03:05,"114,0",CamAPS FreeStyle Libre 3
07.07.2026 03:10,"113,0",CamAPS FreeStyle Libre 3
07.07.2026 03:15,"103,0",CamAPS FreeStyle Libre 3
07.07.2026 03:20,"101,0",CamAPS FreeStyle Libre 3
07.07.2026 03:25,"104,0",CamAPS FreeStyle Libre 3
07.07.2026 03:30,"104,0",CamAPS FreeStyle Libre 3
07.07.2026 03:35,"104,0",CamAPS FreeStyle Libre 3
07.07.2026 03:40,"115,0",CamAPS FreeStyle Libre 3
07.07.2026 03:45,"112,0",CamAPS FreeStyle Libre 3
07.07.2026 03:50,"117,0",CamAPS FreeStyle Libre 3
07.07.2026 03:55,"128,0",CamAPS FreeStyle Libre 3
07.07.2026 04:00,"120,0",CamAPS FreeStyle Libre 3
07.07.2026 04:05,"123,0",CamAPS FreeStyle Libre 3
07.07.2026 04:10,"125,0",CamAPS FreeStyle Libre 3
07.07.2026 04:15,"118,0",CamAPS FreeStyle Libre 3
07.07.2026 04:20,"126,0",CamAPS FreeStyle Libre 3
07.07.2026 04:25,"127,0",CamAPS FreeStyle Libre 3
07.07.2026 04:30,"122,0",CamAPS FreeStyle Libre 3
07.07.2026 04:35,"127,0",CamAPS FreeStyle Libre 3
07.07.2026 04:40,"121,0",CamAPS FreeStyle Libre 3
07.07.2026 04:45,"127,0",CamAPS FreeStyle Libre 3
07.07.2026 04:50,"140,0",CamAPS FreeStyle Libre 3
07.07.2026 04:55,"137,0",CamAPS FreeStyle Libre 3
07.07.2026 05:00,"142,0",CamAPS FreeStyle Libre 3
07.07.2026 05:05,"141,0",CamAPS FreeStyle Libre 3
07.07.2026 05:10,"144,0",CamAPS FreeStyle Libre 3
07.07.2026 05:15,"149,0",CamAPS FreeStyle Libre 3
07.07.2026 05:20,"144,0",CamAPS FreeStyle Libre 3
07.07.2026 05:25,"149,0",CamAPS FreeStyle Libre 3
07.07.2026 05:30,"153,0",CamAPS FreeStyle Libre 3
07.07.2026 05:35,"155,0",CamAPS FreeStyle Libre 3
07.07.2026 05:40,"152,0",CamAPS FreeStyle Libre 3
07.07.2026 05:45,"153,0",CamAPS FreeStyle Libre 3
07.07.2026 05:50,"150,0",CamAPS FreeStyle Libre 3
07.07.2026 05:55,"152,0",CamAPS FreeStyle Libre 3
07.07.2026 06:00,"152,0",CamAPS FreeStyle Libre 3
07.07.2026 06:05,"151,0",CamAPS FreeStyle Libre 3
07.07.2026 06:10,"148,0",CamAPS FreeStyle Libre 3
07.07.2026 06:15,"151,0",CamAPS FreeStyle Libre 3
07.07.2026 06:20,"145,0",CamAPS FreeStyle Libre 3
07.07.2026 06:25,"144,0",CamAPS FreeStyle Libre 3
07.07.2026 06:30,"139,0",CamAPS FreeStyle Libre 3
07.07.2026 06:35,"133,0",CamAPS FreeStyle Libre 3
07.07.2026 06:40,"133,0",CamAPS FreeStyle Libre 3
07.07.2026 06:45,"134,0",CamAPS FreeStyle Libre 3
07.07.2026 06:50,"126,0",CamAPS FreeStyle Libre 3
07.07.2026 06:55,"129,0",CamAPS FreeStyle Libre 3
07.07.2026 07:00,"132,0",CamAPS FreeStyle Libre 3
07.07.2026 07:05,"129,0",CamAPS FreeStyle Libre 3
07.07.2026 07:15,"126,0",CamAPS FreeStyle Libre 3
07.07.2026 07:20,"122,0",CamAPS FreeStyle Libre 3
07.07.2026 07:25,"115,0",CamAPS FreeStyle Libre 3
07.07.2026 07:30,"134,0",CamAPS FreeStyle Libre 3
07.07.2026 07:35,"146,0",CamAPS FreeStyle Libre 3
07.07.2026 07:40,"164,0",CamAPS FreeStyle Libre 3
07.07.2026 07:45,"174,0",CamAPS FreeStyle Libre 3
07.07.2026 07:50,"176,0",CamAPS FreeStyle Libre 3
07.07.2026 08:00,"188,0",CamAPS FreeStyle Libre 3
07.07.2026 08:05,"196,0",CamAPS FreeStyle Libre 3
07.07.2026 08:10,"197,0",CamAPS FreeStyle Libre 3
07.07.2026 08:15,"194,0",CamAPS FreeStyle Libre 3
07.07.2026 08:20,"192,0",CamAPS FreeStyle Libre 3
07.07.2026 08:25,"188,0",CamAPS FreeStyle Libre 3
07.07.2026 08:30,"190,0",CamAPS FreeStyle Libre 3
07.07.2026 08:35,"196,0",CamAPS FreeStyle Libre 3
07.07.2026 08:40,"193,0",CamAPS FreeStyle Libre 3
07.07.2026 08:45,"185,0",CamAPS FreeStyle Libre 3
07.07.2026 08:50,"177,0",CamAPS FreeStyle Libre 3
07.07.2026 08:55,"175,0",CamAPS FreeStyle Libre 3
07.07.2026 09:10,"159,0",CamAPS FreeStyle Libre 3
07.07.2026 09:15,"161,0",CamAPS FreeStyle Libre 3
07.07.2026 09:20,"163,0",CamAPS FreeStyle Libre 3
07.07.2026 09:25,"151,0",CamAPS FreeStyle Libre 3
07.07.2026 09:30,"143,0",CamAPS FreeStyle Libre 3
07.07.2026 09:35,"141,0",CamAPS FreeStyle Libre 3
07.07.2026 09:40,"143,0",CamAPS FreeStyle Libre 3
07.07.2026 09:45,"138,0",CamAPS FreeStyle Libre 3
07.07.2026 09:50,"131,0",CamAPS FreeStyle Libre 3
07.07.2026 09:55,"128,0",CamAPS FreeStyle Libre 3
07.07.2026 10:00,"131,0",CamAPS FreeStyle Libre 3
07.07.2026 10:05,"121,0",CamAPS FreeStyle Libre 3
07.07.2026 10:10,"116,0",CamAPS FreeStyle Libre 3
07.07.2026 10:15,"120,0",CamAPS FreeStyle Libre 3
07.07.2026 10:20,"120,0",CamAPS FreeStyle Libre 3
07.07.2026 10:25,"120,0",CamAPS FreeStyle Libre 3
07.07.2026 10:30,"117,0",CamAPS FreeStyle Libre 3
07.07.2026 10:35,"128,0",CamAPS FreeStyle Libre 3
07.07.2026 10:40,"120,0",CamAPS FreeStyle Libre 3
07.07.2026 10:45,"109,0",CamAPS FreeStyle Libre 3
07.07.2026 10:50,"98,0",CamAPS FreeStyle Libre 3
07.07.2026 10:55,"108,0",CamAPS FreeStyle Libre 3
07.07.2026 11:00,"112,0",CamAPS FreeStyle Libre 3
07.07.2026 11:05,"108,0",CamAPS FreeStyle Libre 3
07.07.2026 11:10,"107,0",CamAPS FreeStyle Libre 3
07.07.2026 11:15,"115,0",CamAPS FreeStyle Libre 3
07.07.2026 11:20,"116,0",CamAPS FreeStyle Libre 3
07.07.2026 11:25,"106,0",CamAPS FreeStyle Libre 3
07.07.2026 11:30,"110,0",CamAPS FreeStyle Libre 3
07.07.2026 11:35,"115,0",CamAPS FreeStyle Libre 3
07.07.2026 11:40,"111,0",CamAPS FreeStyle Libre 3
07.07.2026 11:45,"113,0",CamAPS FreeStyle Libre 3
07.07.2026 11:50,"114,0",CamAPS FreeStyle Libre 3
07.07.2026 11:55,"119,0",CamAPS FreeStyle Libre 3
07.07.2026 12:00,"120,0",CamAPS FreeStyle Libre 3
07.07.2026 12:05,"125,0",CamAPS FreeStyle Libre 3
07.07.2026 12:10,"120,0",CamAPS FreeStyle Libre 3
07.07.2026 12:15,"109,0",CamAPS FreeStyle Libre 3
07.07.2026 12:20,"122,0",CamAPS FreeStyle Libre 3
07.07.2026 12:25,"113,0",CamAPS FreeStyle Libre 3
07.07.2026 12:30,"117,0",CamAPS FreeStyle Libre 3
07.07.2026 12:35,"116,0",CamAPS FreeStyle Libre 3
07.07.2026 12:40,"140,0",CamAPS FreeStyle Libre 3
07.07.2026 12:45,"158,0",CamAPS FreeStyle Libre 3
07.07.2026 12:50,"182,0",CamAPS FreeStyle Libre 3
07.07.2026 12:55,"206,0",CamAPS FreeStyle Libre 3
07.07.2026 13:00,"224,0",CamAPS FreeStyle Libre 3
07.07.2026 13:05,"236,0",CamAPS FreeStyle Libre 3
07.07.2026 13:10,"242,0",CamAPS FreeStyle Libre 3
07.07.2026 13:15,"243,0",CamAPS FreeStyle Libre 3
07.07.2026 13:20,"253,0",CamAPS FreeStyle Libre 3
07.07.2026 13:25,"247,0",CamAPS FreeStyle Libre 3
07.07.2026 13:30,"246,0",CamAPS FreeStyle Libre 3
07.07.2026 13:35,"240,0",CamAPS FreeStyle Libre 3
07.07.2026 13:40,"226,0",CamAPS FreeStyle Libre 3
07.07.2026 13:45,"226,0",CamAPS FreeStyle Libre 3
07.07.2026 13:50,"218,0",CamAPS FreeStyle Libre 3
07.07.2026 13:55,"203,0",CamAPS FreeStyle Libre 3
07.07.2026 14:00,"202,0",CamAPS FreeStyle Libre 3
07.07.2026 14:05,"195,0",CamAPS FreeStyle Libre 3
07.07.2026 14:10,"189,0",CamAPS FreeStyle Libre 3
07.07.2026 14:15,"189,0",CamAPS FreeStyle Libre 3
07.07.2026 14:20,"189,0",CamAPS FreeStyle Libre 3
07.07.2026 14:25,"177,0",CamAPS FreeStyle Libre 3
07.07.2026 14:30,"184,0",CamAPS FreeStyle Libre 3
07.07.2026 14:35,"179,0",CamAPS FreeStyle Libre 3
07.07.2026 14:40,"173,0",CamAPS FreeStyle Libre 3
07.07.2026 14:45,"171,0",CamAPS FreeStyle Libre 3
07.07.2026 14:50,"172,0",CamAPS FreeStyle Libre 3
07.07.2026 14:55,"173,0",CamAPS FreeStyle Libre 3
07.07.2026 15:00,"169,0",CamAPS FreeStyle Libre 3
07.07.2026 15:05,"170,0",CamAPS FreeStyle Libre 3
07.07.2026 15:10,"165,0",CamAPS FreeStyle Libre 3
07.07.2026 15:15,"164,0",CamAPS FreeStyle Libre 3
07.07.2026 15:20,"163,0",CamAPS FreeStyle Libre 3
07.07.2026 15:25,"169,0",CamAPS FreeStyle Libre 3
07.07.2026 15:30,"171,0",CamAPS FreeStyle Libre 3
07.07.2026 15:35,"168,0",CamAPS FreeStyle Libre 3
07.07.2026 15:40,"173,0",CamAPS FreeStyle Libre 3
07.07.2026 15:45,"171,0",CamAPS FreeStyle Libre 3
07.07.2026 15:50,"163,0",CamAPS FreeStyle Libre 3
07.07.2026 15:55,"171,0",CamAPS FreeStyle Libre 3
07.07.2026 16:00,"172,0",CamAPS FreeStyle Libre 3
07.07.2026 16:05,"175,0",CamAPS FreeStyle Libre 3
07.07.2026 16:10,"166,0",CamAPS FreeStyle Libre 3
07.07.2026 16:15,"174,0",CamAPS FreeStyle Libre 3
07.07.2026 16:20,"179,0",CamAPS FreeStyle Libre 3
07.07.2026 16:25,"186,0",CamAPS FreeStyle Libre 3
07.07.2026 16:30,"184,0",CamAPS FreeStyle Libre 3
07.07.2026 16:35,"179,0",CamAPS FreeStyle Libre 3
07.07.2026 16:40,"97,0",CamAPS FreeStyle Libre 3
07.07.2026 16:45,"107,0",CamAPS FreeStyle Libre 3
07.07.2026 16:50,"105,0",CamAPS FreeStyle Libre 3
07.07.2026 16:55,"101,0",CamAPS FreeStyle Libre 3
07.07.2026 17:00,"101,0",CamAPS FreeStyle Libre 3
07.07.2026 17:05,"101,0",CamAPS FreeStyle Libre 3
07.07.2026 17:10,"100,0",CamAPS FreeStyle Libre 3
07.07.2026 17:15,"104,0",CamAPS FreeStyle Libre 3
07.07.2026 17:20,"98,0",CamAPS FreeStyle Libre 3
07.07.2026 17:25,"92,0",CamAPS FreeStyle Libre 3
07.07.2026 17:30,"93,0",CamAPS FreeStyle Libre 3
07.07.2026 17:35,"105,0",CamAPS FreeStyle Libre 3
07.07.2026 17:40,"102,0",CamAPS FreeStyle Libre 3
07.07.2026 17:45,"106,0",CamAPS FreeStyle Libre 3
07.07.2026 17:50,"100,0",CamAPS FreeStyle Libre 3
07.07.2026 17:55,"106,0",CamAPS FreeStyle Libre 3
07.07.2026 18:00,"107,0",CamAPS FreeStyle Libre 3
07.07.2026 18:05,"109,0",CamAPS FreeStyle Libre 3
07.07.2026 18:15,"99,0",CamAPS FreeStyle Libre 3
07.07.2026 18:20,"99,0",CamAPS FreeStyle Libre 3
07.07.2026 18:25,"93,0",CamAPS FreeStyle Libre 3
07.07.2026 18:30,"104,0",CamAPS FreeStyle Libre 3
07.07.2026 18:35,"97,0",CamAPS FreeStyle Libre 3
07.07.2026 18:40,"103,0",CamAPS FreeStyle Libre 3
07.07.2026 18:45,"106,0",CamAPS FreeStyle Libre 3
07.07.2026 18:50,"99,0",CamAPS FreeStyle Libre 3
07.07.2026 18:55,"108,0",CamAPS FreeStyle Libre 3
07.07.2026 19:00,"107,0",CamAPS FreeStyle Libre 3
07.07.2026 19:05,"117,0",CamAPS FreeStyle Libre 3
07.07.2026 19:10,"131,0",CamAPS FreeStyle Libre 3
07.07.2026 19:15,"150,0",CamAPS FreeStyle Libre 3
07.07.2026 19:20,"161,0",CamAPS FreeStyle Libre 3
07.07.2026 19:25,"157,0",CamAPS FreeStyle Libre 3
07.07.2026 19:30,"164,0",CamAPS FreeStyle Libre 3
07.07.2026 19:35,"165,0",CamAPS FreeStyle Libre 3
07.07.2026 19:40,"166,0",CamAPS FreeStyle Libre 3
07.07.2026 19:45,"171,0",CamAPS FreeStyle Libre 3
07.07.2026 19:50,"177,0",CamAPS FreeStyle Libre 3
07.07.2026 19:55,"187,0",CamAPS FreeStyle Libre 3
07.07.2026 20:00,"190,0",CamAPS FreeStyle Libre 3
07.07.2026 20:05,"172,0",CamAPS FreeStyle Libre 3
07.07.2026 20:10,"169,0",CamAPS FreeStyle Libre 3
07.07.2026 20:15,"171,0",CamAPS FreeStyle Libre 3
07.07.2026 20:20,"157,0",CamAPS FreeStyle Libre 3
07.07.2026 20:25,"151,0",CamAPS FreeStyle Libre 3
07.07.2026 20:30,"156,0",CamAPS FreeStyle Libre 3
07.07.2026 20:35,"154,0",CamAPS FreeStyle Libre 3
07.07.2026 20:40,"148,0",CamAPS FreeStyle Libre 3
07.07.2026 20:45,"155,0",CamAPS FreeStyle Libre 3
07.07.2026 20:50,"157,0",CamAPS FreeStyle Libre 3
07.07.2026 20:55,"152,0",CamAPS FreeStyle Libre 3
07.07.2026 21:05,"153,0",CamAPS FreeStyle Libre 3
07.07.2026 21:10,"148,0",CamAPS FreeStyle Libre 3
07.07.2026 21:15,"139,0",CamAPS FreeStyle Libre 3
07.07.2026 21:20,"140,0",CamAPS FreeStyle Libre 3
07.07.2026 21:25,"152,0",CamAPS FreeStyle Libre 3
07.07.2026 21:30,"157,0",CamAPS FreeStyle Libre 3
07.07.2026 21:35,"147,0",CamAPS FreeStyle Libre 3
07.07.2026 21:40,"145,0",CamAPS FreeStyle Libre 3
07.07.2026 21:45,"144,0",CamAPS FreeStyle Libre 3
07.07.2026 21:50,"153,0",CamAPS FreeStyle Libre 3
07.07.2026 21:55,"154,0",CamAPS FreeStyle Libre 3
07.07.2026 22:00,"151,0",CamAPS FreeStyle Libre 3
07.07.2026 22:05,"140,0",CamAPS FreeStyle Libre 3
07.07.2026 22:10,"135,0",CamAPS FreeStyle Libre 3
07.07.2026 22:15,"134,0",CamAPS FreeStyle Libre 3
07.07.2026 22:20,"127,0",CamAPS FreeStyle Libre 3
07.07.2026 22:25,"132,0",CamAPS FreeStyle Libre 3
07.07.2026 22:30,"142,0",CamAPS FreeStyle Libre 3
07.07.2026 22:35,"132,0",CamAPS FreeStyle Libre 3
07.07.2026 22:40,"127,0",CamAPS FreeStyle Libre 3
07.07.2026 22:45,"124,0",CamAPS FreeStyle Libre 3
07.07.2026 22:50,"129,0",CamAPS FreeStyle Libre 3
07.07.2026 22:55,"106,0",CamAPS FreeStyle Libre 3
07.07.2026 23:00,"113,0",CamAPS FreeStyle Libre 3
07.07.2026 23:05,"108,0",CamAPS FreeStyle Libre 3
07.07.2026 23:10,"108,0",CamAPS FreeStyle Libre 3
07.07.2026 23:15,"107,0",CamAPS FreeStyle Libre 3
07.07.2026 23:20,"109,0",CamAPS FreeStyle Libre 3
07.07.2026 23:25,"103,0",CamAPS FreeStyle Libre 3
07.07.2026 23:30,"118,0",CamAPS FreeStyle Libre 3
07.07.2026 23:40,"110,0",CamAPS FreeStyle Libre 3
07.07.2026 23:45,"102,0",CamAPS FreeStyle Libre 3
07.07.2026 23:50,"109,0",CamAPS FreeStyle Libre 3
07.07.2026 23:55,"104,0",CamAPS FreeStyle Libre 3
08.07.2026 00:00,"111,0",CamAPS FreeStyle Libre 3
08.07.2026 00:05,"104,0",CamAPS FreeStyle Libre 3
08.07.2026 00:10,"105,0",CamAPS FreeStyle Libre 3
08.07.2026 00:15,"104,0",CamAPS FreeStyle Libre 3
08.07.2026 00:20,"99,0",CamAPS FreeStyle Libre 3
08.07.2026 00:25,"105,0",CamAPS FreeStyle Libre 3
08.07.2026 00:30,"105,0",CamAPS FreeStyle Libre 3
08.07.2026 00:35,"110,0",CamAPS FreeStyle Libre 3
08.07.2026 00:40,"102,0",CamAPS FreeStyle Libre 3
08.07.2026 00:45,"106,0",CamAPS FreeStyle Libre 3
08.07.2026 00:50,"107,0",CamAPS FreeStyle Libre 3
08.07.2026 00:55,"104,0",CamAPS FreeStyle Libre 3
08.07.2026 01:00,"108,0",CamAPS FreeStyle Libre 3
08.07.2026 01:05,"108,0",CamAPS FreeStyle Libre 3
08.07.2026 01:10,"110,0",CamAPS FreeStyle Libre 3
08.07.2026 01:15,"118,0",CamAPS FreeStyle Libre 3
08.07.2026 01:20,"123,0",CamAPS FreeStyle Libre 3
08.07.2026 01:25,"112,0",CamAPS FreeStyle Libre 3
08.07.2026 01:30,"107,0",CamAPS FreeStyle Libre 3
08.07.2026 01:35,"114,0",CamAPS FreeStyle Libre 3
08.07.2026 01:40,"109,0",CamAPS FreeStyle Libre 3
08.07.2026 01:45,"103,0",CamAPS FreeStyle Libre 3
08.07.2026 01:50,"107,0",CamAPS FreeStyle Libre 3
08.07.2026 01:55,"114,0",CamAPS FreeStyle Libre 3
08.07.2026 02:00,"119,0",CamAPS FreeStyle Libre 3
08.07.2026 02:05,"114,0",CamAPS FreeStyle Libre 3
08.07.2026 02:10,"116,0",CamAPS FreeStyle Libre 3
08.07.2026 02:15,"109,0",CamAPS FreeStyle Libre 3
08.07.2026 02:20,"101,0",CamAPS FreeStyle Libre 3
08.07.2026 02:25,"104,0",CamAPS FreeStyle Libre 3
08.07.2026 02:30,"98,0",CamAPS FreeStyle Libre 3
08.07.2026 02:35,"101,0",CamAPS FreeStyle Libre 3
08.07.2026 02:40,"108,0",CamAPS FreeStyle Libre 3
08.07.2026 02:45,"113,0",CamAPS FreeStyle Libre 3
08.07.2026 02:50,"115,0",CamAPS FreeStyle Libre 3
08.07.2026 03:00,"122,0",CamAPS FreeStyle Libre 3
08.07.2026 03:05,"114,0",CamAPS FreeStyle Libre 3
08.07.2026 03:10,"116,0",CamAPS FreeStyle Libre 3
08.07.2026 03:15,"116,0",CamAPS FreeStyle Libre 3
08.07.2026 03:20,"117,0",CamAPS FreeStyle Libre 3
08.07.2026 03:25,"108,0",CamAPS FreeStyle Libre 3
08.07.2026 03:30,"109,0",CamAPS FreeStyle Libre 3
08.07.2026 03:35,"119,0",CamAPS FreeStyle Libre 3
08.07.2026 03:40,"115,0",CamAPS FreeStyle Libre 3
08.07.2026 03:45,"117,0",CamAPS FreeStyle Libre 3
08.07.2026 03:50,"117,0",CamAPS FreeStyle Libre 3
08.07.2026 03:55,"120,0",CamAPS FreeStyle Libre 3
08.07.2026 04:00,"115,0",CamAPS FreeStyle Libre 3
08.07.2026 04:05,"120,0",CamAPS FreeStyle Libre 3
08.07.2026 04:10,"117,0",CamAPS FreeStyle Libre 3
08.07.2026 04:15,"120,0",CamAPS FreeStyle Libre 3
08.07.2026 04:20,"126,0",CamAPS FreeStyle Libre 3
08.07.2026 04:25,"122,0",CamAPS FreeStyle Libre 3
08.07.2026 04:30,"132,0",CamAPS FreeStyle Libre 3
08.07.2026 04:35,"122,0",CamAPS FreeStyle Libre 3
08.07.2026 04:40,"125,0",CamAPS FreeStyle Libre 3
08.07.2026 04:45,"123,0",CamAPS FreeStyle Libre 3
08.07.2026 04:50,"128,0",CamAPS FreeStyle Libre 3
08.07.2026 04:55,"127,0",CamAPS FreeStyle Libre 3
08.07.2026 05:00,"129,0",CamAPS FreeStyle Libre 3
08.07.2026 05:05,"123,0",CamAPS FreeStyle Libre 3
08.07.2026 05:15,"130,0",CamAPS FreeStyle Libre 3
08.07.2026 05:20,"131,0",CamAPS FreeStyle Libre 3
08.07.2026 05:25,"137,0",CamAPS FreeStyle Libre 3
08.07.2026 05:30,"138,0",CamAPS FreeStyle Libre 3
08.07.2026 05:35,"139,0",CamAPS FreeStyle Libre 3
08.07.2026 05:40,"140,0",CamAPS FreeStyle Libre 3
08.07.2026 05:45,"143,0",CamAPS FreeStyle Libre 3
08.07.2026 05:50,"136,0",CamAPS FreeStyle Libre 3
08.07.2026 05:55,"142,0",CamAPS FreeStyle Libre 3
08.07.2026 06:00,"138,0",CamAPS FreeStyle Libre 3
08.07.2026 06:05,"142,0",CamAPS FreeStyle Libre 3
08.07.2026 06:10,"147,0",CamAPS FreeStyle Libre 3
08.07.2026 06:15,"142,0",CamAPS FreeStyle Libre 3
08.07.2026 06:20,"139,0",CamAPS FreeStyle Libre 3
08.07.2026 06:25,"132,0",CamAPS FreeStyle Libre 3
08.07.2026 06:30,"130,0",CamAPS FreeStyle Libre 3
08.07.2026 06:35,"132,0",CamAPS FreeStyle Libre 3
08.07.2026 06:40,"131,0",CamAPS FreeStyle Libre 3
08.07.2026 06:45,"132,0",CamAPS FreeStyle Libre 3
08.07.2026 06:50,"132,0",CamAPS FreeStyle Libre 3
08.07.2026 06:55,"134,0",CamAPS FreeStyle Libre 3
08.07.2026 07:00,"135,0",CamAPS FreeStyle Libre 3
08.07.2026 07:05,"140,0",CamAPS FreeStyle Libre 3
08.07.2026 07:10,"134,0",CamAPS FreeStyle Libre 3
08.07.2026 07:15,"132,0",CamAPS FreeStyle Libre 3
08.07.2026 07:20,"127,0",CamAPS FreeStyle Libre 3
08.07.2026 07:25,"158,0",CamAPS FreeStyle Libre 3
08.07.2026 07:30,"191,0",CamAPS FreeStyle Libre 3
08.07.2026 07:35,"213,0",CamAPS FreeStyle Libre 3
08.07.2026 07:40,"216,0",CamAPS FreeStyle Libre 3
08.07.2026 07:45,"232,0",CamAPS FreeStyle Libre 3
08.07.2026 07:50,"238,0",CamAPS FreeStyle Libre 3
08.07.2026 07:55,"250,0",CamAPS FreeStyle Libre 3
08.07.2026 08:00,"257,0",CamAPS FreeStyle Libre 3
08.07.2026 08:05,"263,0",CamAPS FreeStyle Libre 3
08.07.2026 08:10,"261,0",CamAPS FreeStyle Libre 3
08.07.2026 08:15,"262,0",CamAPS FreeStyle Libre 3
08.07.2026 08:20,"264,0",CamAPS FreeStyle Libre 3
08.07.2026 08:25,"261,0",CamAPS FreeStyle Libre 3
08.07.2026 08:30,"244,0",CamAPS FreeStyle Libre 3
08.07.2026 08:35,"235,0",CamAPS FreeStyle Libre 3
08.07.2026 08:40,"221,0",CamAPS FreeStyle Libre 3
08.07.2026 08:45,"221,0",CamAPS FreeStyle Libre 3
08.07.2026 08:50,"214,0",CamAPS FreeStyle Libre 3
08.07.2026 08:55,"204,0",CamAPS FreeStyle Libre 3
08.07.2026 09:00,"194,0",CamAPS FreeStyle Libre 3
08.07.2026 09:05,"178,0",CamAPS FreeStyle Libre 3
08.07.2026 09:10,"178,0",CamAPS FreeStyle Libre 3
08.07.2026 09:15,"172,0",CamAPS FreeStyle Libre 3
08.07.2026 09:20,"164,0",CamAPS FreeStyle Libre 3
08.07.2026 09:25,"148,0",CamAPS FreeStyle Libre 3
08.07.2026 09:30,"150,0",CamAPS FreeStyle Libre 3
08.07.2026 09:35,"138,0",CamAPS FreeStyle Libre 3
08.07.2026 09:40,"130,0",CamAPS FreeStyle Libre 3
08.07.2026 09:45,"125,0",CamAPS FreeStyle Libre 3
08.07.2026 09:50,"129,0",CamAPS FreeStyle Libre 3
08.07.2026 09:55,"120,0",CamAPS FreeStyle Libre 3
08.07.2026 10:00,"112,0",CamAPS FreeStyle Libre 3
08.07.2026 10:05,"108,0",CamAPS FreeStyle Libre 3
08.07.2026 10:10,"103,0",CamAPS FreeStyle Libre 3
08.07.2026 10:15,"102,0",CamAPS FreeStyle Libre 3
08.07.2026 10:20,"98,0",CamAPS FreeStyle Libre 3
08.07.2026 10:25,"90,0",CamAPS FreeStyle Libre 3
08.07.2026 10:30,"86,0",CamAPS FreeStyle Libre 3
08.07.2026 10:35,"75,0",CamAPS FreeStyle Libre 3
08.07.2026 10:40,"75,0",CamAPS FreeStyle Libre 3
08.07.2026 10:45,"72,0",CamAPS FreeStyle Libre 3
08.07.2026 10:50,"69,0",CamAPS FreeStyle Libre 3
08.07.2026 10:55,"65,0",CamAPS FreeStyle Libre 3
08.07.2026 11:05,"54,0",CamAPS FreeStyle Libre 3
08.07.2026 11:10,"55,0",CamAPS FreeStyle Libre 3
08.07.2026 11:15,"60,0",CamAPS FreeStyle Libre 3
08.07.2026 11:20,"128,0",CamAPS FreeStyle Libre 3
08.07.2026 11:25,"130,0",CamAPS FreeStyle Libre 3
08.07.2026 11:30,"120,0",CamAPS FreeStyle Libre 3
08.07.2026 11:35,"115,0",CamAPS FreeStyle Libre 3
08.07.2026 11:40,"122,0",CamAPS FreeStyle Libre 3
08.07.2026 11:45,"124,0",CamAPS FreeStyle Libre 3
08.07.2026 11:50,"120,0",CamAPS FreeStyle Libre 3
08.07.2026 11:55,"127,0",CamAPS FreeStyle Libre 3
08.07.2026 12:00,"121,0",CamAPS FreeStyle Libre 3
08.07.2026 12:05,"121,0",CamAPS FreeStyle Libre 3
08.07.2026 12:10,"119,0",CamAPS FreeStyle Libre 3
08.07.2026 12:15,"114,0",CamAPS FreeStyle Libre 3
08.07.2026 12:20,"120,0",CamAPS FreeStyle Libre 3
08.07.2026 12:25,"122,0",CamAPS FreeStyle Libre 3
08.07.2026 12:30,"147,0",CamAPS FreeStyle Libre 3
08.07.2026 12:35,"174,0",CamAPS FreeStyle Libre 3
08.07.2026 12:40,"193,0",CamAPS FreeStyle Libre 3
08.07.2026 12:45,"211,0",CamAPS FreeStyle Libre 3
08.07.2026 12:50,"227,0",CamAPS FreeStyle Libre 3
08.07.2026 12:55,"239,0",CamAPS FreeStyle Libre 3
08.07.2026 13:00,"243,0",CamAPS FreeStyle Libre 3
08.07.2026 13:05,"248,0",CamAPS FreeStyle Libre 3
08.07.2026 13:10,"247,0",CamAPS FreeStyle Libre 3
08.07.2026 13:15,"256,0",CamAPS FreeStyle Libre 3
08.07.2026 13:20,"260,0",CamAPS FreeStyle Libre 3
08.07.2026 13:30,"256,0",CamAPS FreeStyle Libre 3
08.07.2026 13:35,"245,0",CamAPS FreeStyle Libre 3
08.07.2026 13:40,"243,0",CamAPS FreeStyle Libre 3
08.07.2026 13:45,"242,0",CamAPS FreeStyle Libre 3
08.07.2026 13:50,"232,0",CamAPS FreeStyle Libre 3
08.07.2026 13:55,"230,0",CamAPS FreeStyle Libre 3
08.07.2026 14:00,"220,0",CamAPS FreeStyle Libre 3
08.07.2026 14:05,"217,0",CamAPS FreeStyle Libre 3
08.07.2026 14:10,"221,0",CamAPS FreeStyle Libre 3
08.07.2026 14:15,"219,0",CamAPS FreeStyle Libre 3
08.07.2026 14:20,"201,0",CamAPS FreeStyle Libre 3
08.07.2026 14:25,"203,0",CamAPS FreeStyle Libre 3
08.07.2026 14:30,"197,0",CamAPS FreeStyle Libre 3
08.07.2026 14:35,"193,0",CamAPS FreeStyle Libre 3
08.07.2026 14:40,"188,0",CamAPS FreeStyle Libre 3
08.07.2026 14:45,"186,0",CamAPS FreeStyle Libre 3
08.07.2026 14:50,"183,0",CamAPS FreeStyle Libre 3
08.07.2026 14:55,"176,0",CamAPS FreeStyle Libre 3
08.07.2026 15:00,"177,0",CamAPS FreeStyle Libre 3
08.07.2026 15:05,"169,0",CamAPS FreeStyle Libre 3
08.07.2026 15:10,"171,0",CamAPS FreeStyle Libre 3
08.07.2026 15:15,"173,0",CamAPS FreeStyle Libre 3
08.07.2026 15:20,"171,0",CamAPS FreeStyle Libre 3
08.07.2026 15:25,"179,0",CamAPS FreeStyle Libre 3
08.07.2026 15:30,"178,0",CamAPS FreeStyle Libre 3
08.07.2026 15:35,"180,0",CamAPS FreeStyle Libre 3
08.07.2026 15:40,"177,0",CamAPS FreeStyle Libre 3
08.07.2026 15:45,"181,0",CamAPS FreeStyle Libre 3
08.07.2026 15:55,"178,0",CamAPS FreeStyle Libre 3
08.07.2026 16:00,"179,0",CamAPS FreeStyle Libre 3
08.07.2026 16:05,"185,0",CamAPS FreeStyle Libre 3
08.07.2026 16:10,"181,0",CamAPS FreeStyle Libre 3
08.07.2026 16:15,"179,0",CamAPS FreeStyle Libre 3
08.07.2026 16:20,"171,0",CamAPS FreeStyle Libre 3
08.07.2026 16:25,"112,0",CamAPS FreeStyle Libre 3
08.07.2026 16:35,"109,0",CamAPS FreeStyle Libre 3
08.07.2026 16:40,"108,0",CamAPS FreeStyle Libre 3
08.07.2026 16:50,"112,0",CamAPS FreeStyle Libre 3
08.07.2026 17:00,"111,0",CamAPS FreeStyle Libre 3
08.07.2026 17:05,"104,0",CamAPS FreeStyle Libre 3
08.07.2026 17:10,"105,0",CamAPS FreeStyle Libre 3
08.07.2026 17:15,"109,0",CamAPS FreeStyle Libre 3
08.07.2026 17:20,"114,0",CamAPS FreeStyle Libre 3
08.07.2026 17:25,"106,0",CamAPS FreeStyle Libre 3
08.07.2026 17:30,"107,0",CamAPS FreeStyle Libre 3
08.07.2026 17:35,"112,0",CamAPS FreeStyle Libre 3
08.07.2026 17:40,"113,0",CamAPS FreeStyle Libre 3
08.07.2026 17:45,"112,0",CamAPS FreeStyle Libre 3
08.07.2026 17:50,"110,0",CamAPS FreeStyle Libre 3
08.07.2026 17:55,"116,0",CamAPS FreeStyle Libre 3
08.07.2026 18:00,"111,0",CamAPS FreeStyle Libre 3
08.07.2026 18:05,"113,0",CamAPS FreeStyle Libre 3
08.07.2026 18:10,"113,0",CamAPS FreeStyle Libre 3
08.07.2026 18:15,"99,0",CamAPS FreeStyle Libre 3
08.07.2026 18:30,"107,0",CamAPS FreeStyle Libre 3
08.07.2026 18:35,"105,0",CamAPS FreeStyle Libre 3
08.07.2026 18:40,"105,0",CamAPS FreeStyle Libre 3
08.07.2026 18:45,"104,0",CamAPS FreeStyle Libre 3
08.07.2026 18:50,"105,0",CamAPS FreeStyle Libre 3
08.07.2026 18:55,"110,0",CamAPS FreeStyle Libre 3
08.07.2026 19:00,"106,0",CamAPS FreeStyle Libre 3
08.07.2026 19:05,"106,0",CamAPS FreeStyle Libre 3
08.07.2026 19:10,"110,0",CamAPS FreeStyle Libre 3
08.07.2026 19:15,"110,0",CamAPS FreeStyle Libre 3
08.07.2026 19:20,"121,0",CamAPS FreeStyle Libre 3
08.07.2026 19:25,"136,0",CamAPS FreeStyle Libre 3
08.07.2026 19:30,"152,0",CamAPS FreeStyle Libre 3
08.07.2026 19:35,"167,0",CamAPS FreeStyle Libre 3
08.07.2026 19:40,"176,0",CamAPS FreeStyle Libre 3
08.07.2026 19:45,"185,0",CamAPS FreeStyle Libre 3
08.07.2026 19:50,"189,0",CamAPS FreeStyle Libre 3
08.07.2026 19:55,"196,0",CamAPS FreeStyle Libre 3
08.07.2026 20:00,"205,0",CamAPS FreeStyle Libre 3
08.07.2026 20:05,"202,0",CamAPS FreeStyle Libre 3
08.07.2026 20:10,"196,0",CamAPS FreeStyle Libre 3
08.07.2026 20:15,"191,0",CamAPS FreeStyle Libre 3
08.07.2026 20:25,"181,0",CamAPS FreeStyle Libre 3
08.07.2026 20:30,"175,0",CamAPS FreeStyle Libre 3
08.07.2026 20:35,"168,0",CamAPS FreeStyle Libre 3
08.07.2026 20:40,"169,0",CamAPS FreeStyle Libre 3
08.07.2026 20:45,"168,0",CamAPS FreeStyle Libre 3
08.07.2026 20:50,"164,0",CamAPS FreeStyle Libre 3
08.07.2026 20:55,"149,0",CamAPS FreeStyle Libre 3
08.07.2026 21:00,"151,0",CamAPS FreeStyle Libre 3
08.07.2026 21:05,"150,0",CamAPS FreeStyle Libre 3
08.07.2026 21:10,"153,0",CamAPS FreeStyle Libre 3
08.07.2026 21:15,"151,0",CamAPS FreeStyle Libre 3
08.07.2026 21:20,"147,0",CamAPS FreeStyle Libre 3
08.07.2026 21:25,"147,0",CamAPS FreeStyle Libre 3
08.07.2026 21:30,"159,0",CamAPS FreeStyle Libre 3
08.07.2026 21:35,"152,0",CamAPS FreeStyle Libre 3
08.07.2026 21:40,"143,0",CamAPS FreeStyle Libre 3
08.07.2026 21:45,"145,0",CamAPS FreeStyle Libre 3
08.07.2026 21:55,"150,0",CamAPS FreeStyle Libre 3
08.07.2026 22:00,"146,0",CamAPS FreeStyle Libre 3
08.07.2026 22:05,"143,0",CamAPS FreeStyle Libre 3
08.07.2026 22:10,"141,0",CamAPS FreeStyle Libre 3
08.07.2026 22:15,"143,0",CamAPS FreeStyle Libre 3
08.07.2026 22:20,"146,0",CamAPS FreeStyle Libre 3
08.07.2026 22:25,"146,0",CamAPS FreeStyle Libre 3
08.07.2026 22:30,"144,0",CamAPS FreeStyle Libre 3
08.07.2026 22:35,"154,0",CamAPS FreeStyle Libre 3
08.07.2026 22:40,"149,0",CamAPS FreeStyle Libre 3
08.07.2026 22:45,"145,0",CamAPS FreeStyle Libre 3
08.07.2026 22:50,"145,0",CamAPS FreeStyle Libre 3
08.07.2026 22:55,"143,0",CamAPS FreeStyle Libre 3
08.07.2026 23:00,"148,0",CamAPS FreeStyle Libre 3
08.07.2026 23:10,"145,0",CamAPS FreeStyle Libre 3
08.07.2026 23:15,"145,0",CamAPS FreeStyle Libre 3
08.07.2026 23:20,"97,0",CamAPS FreeStyle Libre 3
08.07.2026 23:25,"104,0",CamAPS FreeStyle Libre 3
08.07.2026 23:30,"107,0",CamAPS FreeStyle Libre 3
08.07.2026 23:35,"107,0",CamAPS FreeStyle Libre 3
08.07.2026 23:40,"102,0",CamAPS FreeStyle Libre 3
08.07.2026 23:45,"106,0",CamAPS FreeStyle Libre 3
08.07.2026 23:50,"111,0",CamAPS FreeStyle Libre 3
08.07.2026 23:55,"110,0",CamAPS FreeStyle Libre 3
09.07.2026 00:00,"102,0",CamAPS FreeStyle Libre 3
09.07.2026 00:05,"98,0",CamAPS FreeStyle Libre 3
09.07.2026 00:10,"99,0",CamAPS FreeStyle Libre 3
09.07.2026 00:15,"103,0",CamAPS FreeStyle Libre 3
09.07.2026 00:20,"95,0",CamAPS FreeStyle Libre 3
09.07.2026 00:25,"93,0",CamAPS FreeStyle Libre 3
09.07.2026 00:30,"99,0",CamAPS FreeStyle Libre 3
09.07.2026 00:35,"107,0",CamAPS FreeStyle Libre 3
09.07.2026 00:40,"101,0",CamAPS FreeStyle Libre 3
09.07.2026 00:45,"103,0",CamAPS FreeStyle Libre 3
09.07.2026 00:50,"101,0",CamAPS FreeStyle Libre 3
09.07.2026 00:55,"98,0",CamAPS FreeStyle Libre 3
09.07.2026 01:00,"96,0",CamAPS FreeStyle Libre 3
09.07.2026 01:05,"90,0",CamAPS FreeStyle Libre 3
09.07.2026 01:10,"91,0",CamAPS FreeStyle Libre 3
09.07.2026 01:20,"97,0",CamAPS FreeStyle Libre 3
09.07.2026 01:25,"96,0",CamAPS FreeStyle Libre 3
09.07.2026 01:30,"93,0",CamAPS FreeStyle Libre 3
09.07.2026 01:35,"94,0",CamAPS FreeStyle Libre 3
09.07.2026 01:40,"97,0",CamAPS FreeStyle Libre 3
09.07.2026 01:45,"90,0",CamAPS FreeStyle Libre 3
09.07.2026 01:50,"86,0",CamAPS FreeStyle Libre 3
09.07.2026 01:55,"89,0",CamAPS FreeStyle Libre 3
09.07.2026 02:00,"98,0",CamAPS FreeStyle Libre 3
09.07.2026 02:05,"101,0",CamAPS FreeStyle Libre 3
09.07.2026 02:10,"86,0",CamAPS FreeStyle Libre 3
09.07.2026 02:15,"77,0",CamAPS FreeStyle Libre 3
09.07.2026 02:20,"71,0",CamAPS FreeStyle Libre 3
09.07.2026 02:25,"70,0",CamAPS FreeStyle Libre 3
09.07.2026 02:30,"50,0",CamAPS FreeStyle Libre 3
09.07.2026 02:35,"56,0",CamAPS FreeStyle Libre 3
09.07.2026 02:40,"62,0",CamAPS FreeStyle Libre 3
09.07.2026 02:45,"63,0",CamAPS FreeStyle Libre 3
09.07.2026 02:50,"72,0",CamAPS FreeStyle Libre 3
09.07.2026 02:55,"69,0",CamAPS FreeStyle Libre 3
09.07.2026 03:00,"68,0",CamAPS FreeStyle Libre 3
09.07.2026 03:05,"80,0",CamAPS FreeStyle Libre 3
09.07.2026 03:10,"83,0",CamAPS FreeStyle Libre 3
09.07.2026 03:15,"95,0",CamAPS FreeStyle Libre 3
09.07.2026 03:20,"97,0",CamAPS FreeStyle Libre 3
09.07.2026 03:25,"87,0",CamAPS FreeStyle Libre 3
09.07.2026 03:30,"82,0",CamAPS FreeStyle Libre 3
09.07.2026 03:35,"90,0",CamAPS FreeStyle Libre 3
09.07.2026 03:40,"93,0",CamAPS FreeStyle Libre 3
09.07.2026 03:45,"89,0",CamAPS FreeStyle Libre 3
09.07.2026 03:50,"89,0",CamAPS FreeStyle Libre 3
09.07.2026 03:55,"88,0",CamAPS FreeStyle Libre 3
09.07.2026 04:05,"89,0",CamAPS FreeStyle Libre 3
09.07.2026 04:10,"90,0",CamAPS FreeStyle Libre 3
09.07.2026 04:15,"101,0",CamAPS FreeStyle Libre 3
09.07.2026 04:20,"102,0",CamAPS FreeStyle Libre 3
09.07.2026 04:25,"103,0",CamAPS FreeStyle Libre 3
09.07.2026 04:30,"103,0",CamAPS FreeStyle Libre 3
09.07.2026 04:35,"116,0",CamAPS FreeStyle Libre 3
09.07.2026 04:40,"110,0",CamAPS FreeStyle Libre 3
09.07.2026 04:45,"107,0",CamAPS FreeStyle Libre 3
09.07.2026 04:50,"111,0",CamAPS FreeStyle Libre 3
09.07.2026 04:55,"113,0",CamAPS FreeStyle Libre 3
09.07.2026 05:00,"113,0",CamAPS FreeStyle Libre 3
09.07.2026 05:10,"118,0",CamAPS FreeStyle Libre 3
09.07.2026 05:15,"116,0",CamAPS FreeStyle Libre 3
09.07.2026 05:20,"126,0",CamAPS FreeStyle Libre 3
09.07.2026 05:25,"122,0",CamAPS FreeStyle Libre 3
09.07.2026 05:30,"116,0",CamAPS FreeStyle Libre 3
09.07.2026 05:35,"124,0",CamAPS FreeStyle Libre 3
09.07.2026 05:40,"128,0",CamAPS FreeStyle Libre 3
09.07.2026 05:45,"127,0",CamAPS FreeStyle Libre 3
09.07.2026 05:50,"121,0",CamAPS FreeStyle Libre 3
09.07.2026 05:55,"131,0",CamAPS FreeStyle Libre 3
09.07.2026 06:00,"132,0",CamAPS FreeStyle Libre 3
09.07.2026 06:05,"128,0",CamAPS FreeStyle Libre 3
09.07.2026 06:10,"126,0",CamAPS FreeStyle Libre 3
09.07.2026 06:15,"124,0",CamAPS FreeStyle Libre 3
09.07.2026 06:20,"123,0",CamAPS FreeStyle Libre 3
09.07.2026 06:25,"125,0",CamAPS FreeStyle Libre 3
09.07.2026 06:30,"116,0",CamAPS FreeStyle Libre 3
09.07.2026 06:35,"120,0",CamAPS FreeStyle Libre 3
09.07.2026 06:40,"124,0",CamAPS FreeStyle Libre 3
09.07.2026 06:45,"129,0",CamAPS FreeStyle Libre 3
09.07.2026 06:50,"133,0",CamAPS FreeStyle Libre 3
09.07.2026 06:55,"124,0",CamAPS FreeStyle Libre 3
09.07.2026 07:00,"125,0",CamAPS FreeStyle Libre 3
09.07.2026 07:05,"124,0",CamAPS FreeStyle Libre 3
09.07.2026 07:10,"117,0",CamAPS FreeStyle Libre 3
09.07.2026 07:15,"115,0",CamAPS FreeStyle Libre 3
09.07.2026 07:20,"110,0",CamAPS FreeStyle Libre 3
09.07.2026 07:25,"109,0",CamAPS FreeStyle Libre 3
09.07.2026 07:30,"116,0",CamAPS FreeStyle Libre 3
09.07.2026 07:35,"116,0",CamAPS FreeStyle Libre 3
09.07.2026 07:40,"122,0",CamAPS FreeStyle Libre 3
09.07.2026 07:45,"107,0",CamAPS FreeStyle Libre 3
09.07.2026 07:50,"104,0",CamAPS FreeStyle Libre 3
09.07.2026 07:55,"107,0",CamAPS FreeStyle Libre 3
09.07.2026 08:00,"104,0",CamAPS FreeStyle Libre 3
09.07.2026 08:05,"122,0",CamAPS FreeStyle Libre 3
09.07.2026 08:10,"142,0",CamAPS FreeStyle Libre 3
09.07.2026 08:15,"151,0",CamAPS FreeStyle Libre 3
09.07.2026 08:20,"174,0",CamAPS FreeStyle Libre 3
09.07.2026 08:25,"184,0",CamAPS FreeStyle Libre 3
09.07.2026 08:30,"191,0",CamAPS FreeStyle Libre 3
09.07.2026 08:35,"206,0",CamAPS FreeStyle Libre 3
09.07.2026 08:40,"203,0",CamAPS FreeStyle Libre 3
09.07.2026 08:45,"203,0",CamAPS FreeStyle Libre 3
09.07.2026 08:50,"200,0",CamAPS FreeStyle Libre 3
09.07.2026 08:55,"209,0",CamAPS FreeStyle Libre 3
09.07.2026 09:00,"203,0",CamAPS FreeStyle Libre 3
09.07.2026 09:05,"195,0",CamAPS FreeStyle Libre 3
09.07.2026 09:15,"189,0",CamAPS FreeStyle Libre 3
09.07.2026 09:20,"168,0",CamAPS FreeStyle Libre 3
09.07.2026 09:25,"165,0",CamAPS FreeStyle Libre 3
09.07.2026 09:35,"159,0",CamAPS FreeStyle Libre 3
09.07.2026 09:40,"154,0",CamAPS FreeStyle Libre 3
09.07.2026 09:45,"147,0",CamAPS FreeStyle Libre 3
09.07.2026 09:50,"142,0",CamAPS FreeStyle Libre 3
09.07.2026 09:55,"134,0",CamAPS FreeStyle Libre 3
09.07.2026 10:00,"136,0",CamAPS FreeStyle Libre 3
09.07.2026 10:05,"131,0",CamAPS FreeStyle Libre 3
09.07.2026 10:10,"131,0",CamAPS FreeStyle Libre 3
09.07.2026 10:15,"136,0",CamAPS FreeStyle Libre 3
09.07.2026 10:20,"120,0",CamAPS FreeStyle Libre 3
09.07.2026 10:25,"131,0",CamAPS FreeStyle Libre 3
09.07.2026 10:30,"124,0",CamAPS FreeStyle Libre 3
09.07.2026 10:35,"125,0",CamAPS FreeStyle Libre 3
09.07.2026 10:40,"129,0",CamAPS FreeStyle Libre 3
09.07.2026 10:45,"111,0",CamAPS FreeStyle Libre 3
09.07.2026 10:50,"118,0",CamAPS FreeStyle Libre 3
09.07.2026 11:00,"102,0",CamAPS FreeStyle Libre 3
09.07.2026 11:05,"104,0",CamAPS FreeStyle Libre 3
09.07.2026 11:10,"96,0",CamAPS FreeStyle Libre 3
09.07.2026 11:15,"98,0",CamAPS FreeStyle Libre 3
09.07.2026 11:20,"91,0",CamAPS FreeStyle Libre 3
09.07.2026 11:25,"94,0",CamAPS FreeStyle Libre 3
09.07.2026 11:30,"94,0",CamAPS FreeStyle Libre 3
09.07.2026 11:35,"104,0",CamAPS FreeStyle Libre 3
09.07.2026 11:40,"100,0",CamAPS FreeStyle Libre 3
09.07.2026 11:45,"93,0",CamAPS FreeStyle Libre 3
09.07.2026 11:55,"95,0",CamAPS FreeStyle Libre 3
09.07.2026 12:00,"96,0",CamAPS FreeStyle Libre 3
09.07.2026 12:05,"108,0",CamAPS FreeStyle Libre 3
09.07.2026 12:10,"102,0",CamAPS FreeStyle Libre 3
09.07.2026 12:15,"114,0",CamAPS FreeStyle Libre 3
09.07.2026 12:20,"108,0",CamAPS FreeStyle Libre 3
09.07.2026 12:25,"98,0",CamAPS FreeStyle Libre 3
09.07.2026 12:30,"101,0",CamAPS FreeStyle Libre 3
09.07.2026 12:35,"100,0",CamAPS FreeStyle Libre 3
09.07.2026 12:40,"108,0",CamAPS FreeStyle Libre 3
09.07.2026 12:45,"142,0",CamAPS FreeStyle Libre 3
09.07.2026 12:50,"158,0",CamAPS FreeStyle Libre 3
09.07.2026 12:55,"166,0",CamAPS FreeStyle Libre 3
09.07.2026 13:00,"182,0",CamAPS FreeStyle Libre 3
09.07.2026 13:05,"195,0",CamAPS FreeStyle Libre 3
09.07.2026 13:10,"210,0",CamAPS FreeStyle Libre 3
09.07.2026 13:15,"212,0",CamAPS FreeStyle Libre 3
09.07.2026 13:20,"213,0",CamAPS FreeStyle Libre 3
09.07.2026 13:25,"218,0",CamAPS FreeStyle Libre 3
09.07.2026 13:30,"226,0",CamAPS FreeStyle Libre 3
09.07.2026 13:35,"232,0",CamAPS FreeStyle Libre 3
09.07.2026 13:40,"221,0",CamAPS FreeStyle Libre 3
09.07.2026 13:45,"217,0",CamAPS FreeStyle Libre 3
09.07.2026 13:50,"219,0",CamAPS FreeStyle Libre 3
09.07.2026 13:55,"216,0",CamAPS FreeStyle Libre 3
09.07.2026 14:00,"214,0",CamAPS FreeStyle Libre 3
09.07.2026 14:05,"212,0",CamAPS FreeStyle Libre 3
09.07.2026 14:15,"198,0",CamAPS FreeStyle Libre 3
09.07.2026 14:20,"193,0",CamAPS FreeStyle Libre 3
09.07.2026 14:25,"189,0",CamAPS FreeStyle Libre 3
09.07.2026 14:30,"190,0",CamAPS FreeStyle Libre 3
09.07.2026 14:35,"178,0",CamAPS FreeStyle Libre 3
09.07.2026 14:40,"174,0",CamAPS FreeStyle Libre 3
09.07.2026 14:45,"168,0",CamAPS FreeStyle Libre 3
09.07.2026 14:50,"171,0",CamAPS FreeStyle Libre 3
09.07.2026 14:55,"167,0",CamAPS FreeStyle Libre 3
09.07.2026 15:00,"178,0",CamAPS FreeStyle Libre 3
09.07.2026 15:05,"172,0",CamAPS FreeStyle Libre 3
09.07.2026 15:10,"166,0",CamAPS FreeStyle Libre 3
09.07.2026 15:15,"168,0",CamAPS FreeStyle Libre 3
09.07.2026 15:20,"177,0",CamAPS FreeStyle Libre 3
09.07.2026 15:25,"165,0",CamAPS FreeStyle Libre 3
09.07.2026 15:30,"180,0",CamAPS FreeStyle Libre 3
09.07.2026 15:35,"179,0",CamAPS FreeStyle Libre 3
09.07.2026 15:40,"174,0",CamAPS FreeStyle Libre 3
09.07.2026 15:45,"173,0",CamAPS FreeStyle Libre 3
09.07.2026 15:50,"172,0",CamAPS FreeStyle Libre 3
09.07.2026 16:00,"173,0",CamAPS FreeStyle Libre 3
09.07.2026 16:05,"176,0",CamAPS FreeStyle Libre 3
09.07.2026 16:10,"175,0",CamAPS FreeStyle Libre 3
09.07.2026 16:15,"177,0",CamAPS FreeStyle Libre 3
09.07.2026 16:20,"177,0",CamAPS FreeStyle Libre 3
09.07.2026 16:25,"187,0",CamAPS FreeStyle Libre 3
09.07.2026 16:30,"192,0",CamAPS FreeStyle Libre 3
09.07.2026 16:35,"183,0",CamAPS FreeStyle Libre 3
09.07.2026 16:40,"97,0",CamAPS FreeStyle Libre 3
09.07.2026 16:45,"88,0",CamAPS FreeStyle Libre 3
09.07.2026 16:50,"104,0",CamAPS FreeStyle Libre 3
09.07.2026 16:55,"90,0",CamAPS FreeStyle Libre 3
09.07.2026 17:00,"88,0",CamAPS FreeStyle Libre 3
09.07.2026 17:05,"88,0",CamAPS FreeStyle Libre 3
09.07.2026 17:10,"86,0",CamAPS FreeStyle Libre 3
09.07.2026 17:15,"91,0",CamAPS FreeStyle Libre 3
09.07.2026 17:20,"96,0",CamAPS FreeStyle Libre 3
09.07.2026 17:25,"100,0",CamAPS FreeStyle Libre 3
09.07.2026 17:30,"100,0",CamAPS FreeStyle Libre 3
09.07.2026 17:35,"96,0",CamAPS FreeStyle Libre 3
09.07.2026 17:40,"92,0",CamAPS FreeStyle Libre 3
09.07.2026 17:45,"92,0",CamAPS FreeStyle Libre 3
09.07.2026 17:50,"100,0",CamAPS FreeStyle Libre 3
09.07.2026 17:55,"89,0",CamAPS FreeStyle Libre 3
09.07.2026 18:00,"95,0",CamAPS FreeStyle Libre 3
09.07.2026 18:05,"99,0",CamAPS FreeStyle Libre 3
09.07.2026 18:10,"93,0",CamAPS FreeStyle Libre 3
09.07.2026 18:15,"92,0",CamAPS FreeStyle Libre 3
09.07.2026 18:20,"90,0",CamAPS FreeStyle Libre 3
09.07.2026 18:25,"93,0",CamAPS FreeStyle Libre 3
09.07.2026 18:30,"121,0",CamAPS FreeStyle Libre 3
09.07.2026 18:35,"141,0",CamAPS FreeStyle Libre 3
09.07.2026 18:40,"152,0",CamAPS FreeStyle Libre 3
09.07.2026 18:45,"163,0",CamAPS FreeStyle Libre 3
09.07.2026 18:50,"182,0",CamAPS FreeStyle Libre 3
09.07.2026 18:55,"178,0",CamAPS FreeStyle Libre 3
09.07.2026 19:00,"187,0",CamAPS FreeStyle Libre 3
09.07.2026 19:05,"199,0",CamAPS FreeStyle Libre 3
09.07.2026 19:10,"205,0",CamAPS FreeStyle Libre 3
09.07.2026 19:15,"198,0",CamAPS FreeStyle Libre 3
09.07.2026 19:20,"189,0",CamAPS FreeStyle Libre 3
09.07.2026 19:25,"186,0",CamAPS FreeStyle Libre 3
09.07.2026 19:30,"186,0",CamAPS FreeStyle Libre 3
09.07.2026 19:35,"180,0",CamAPS FreeStyle Libre 3
09.07.2026 19:40,"167,0",CamAPS FreeStyle Libre 3
09.07.2026 19:50,"174,0",CamAPS FreeStyle Libre 3
09.07.2026 19:55,"169,0",CamAPS FreeStyle Libre 3
09.07.2026 20:00,"162,0",CamAPS FreeStyle Libre 3
09.07.2026 20:05,"154,0",CamAPS FreeStyle Libre 3
09.07.2026 20:10,"146,0",CamAPS FreeStyle Libre 3
09.07.2026 20:15,"141,0",CamAPS FreeStyle Libre 3
09.07.2026 20:20,"139,0",CamAPS FreeStyle Libre 3
09.07.2026 20:25,"141,0",CamAPS FreeStyle Libre 3
09.07.2026 20:30,"144,0",CamAPS FreeStyle Libre 3
09.07.2026 20:35,"137,0",CamAPS FreeStyle Libre 3
09.07.2026 20:40,"130,0",CamAPS FreeStyle Libre 3
09.07.2026 20:45,"126,0",CamAPS FreeStyle Libre 3
09.07.2026 20:50,"120,0",CamAPS FreeStyle Libre 3
09.07.2026 20:55,"122,0",CamAPS FreeStyle Libre 3
09.07.2026 21:00,"116,0",CamAPS FreeStyle Libre 3
09.07.2026 21:05,"117,0",CamAPS FreeStyle Libre 3
09.07.2026 21:10,"121,0",CamAPS FreeStyle Libre 3
09.07.2026 21:15,"112,0",CamAPS FreeStyle Libre 3
09.07.2026 21:20,"113,0",CamAPS FreeStyle Libre 3
09.07.2026 21:25,"119,0",CamAPS FreeStyle Libre 3
09.07.2026 21:30,"116,0",CamAPS FreeStyle Libre 3
09.07.2026 21:35,"108,0",CamAPS FreeStyle Libre 3
09.07.2026 21:40,"118,0",CamAPS FreeStyle Libre 3
09.07.2026 21:45,"111,0",CamAPS FreeStyle Libre 3
09.07.2026 21:50,"112,0",CamAPS FreeStyle Libre 3
09.07.2026 21:55,"115,0",CamAPS FreeStyle Libre 3
09.07.2026 22:00,"104,0",CamAPS FreeStyle Libre 3
09.07.2026 22:05,"110,0",CamAPS FreeStyle Libre 3
09.07.2026 22:10,"114,0",CamAPS FreeStyle Libre 3
09.07.2026 22:25,"101,0",CamAPS FreeStyle Libre 3
09.07.2026 22:30,"100,0",CamAPS FreeStyle Libre 3
09.07.2026 22:35,"99,0",CamAPS FreeStyle Libre 3
09.07.2026 22:45,"100,0",CamAPS FreeStyle Libre 3
09.07.2026 22:50,"93,0",CamAPS FreeStyle Libre 3
09.07.2026 22:55,"99,0",CamAPS FreeStyle Libre 3
09.07.2026 23:00,"90,0",CamAPS FreeStyle Libre 3
09.07.2026 23:05,"100,0",CamAPS FreeStyle Libre 3
09.07.2026 23:10,"98,0",CamAPS FreeStyle Libre 3
09.07.2026 23:15,"89,0",CamAPS FreeStyle Libre 3
09.07.2026 23:20,"91,0",CamAPS FreeStyle Libre 3
09.07.2026 23:25,"93,0",CamAPS FreeStyle Libre 3
09.07.2026 23:30,"98,0",CamAPS FreeStyle Libre 3
09.07.2026 23:35,"85,0",CamAPS FreeStyle Libre 3
09.07.2026 23:40,"93,0",CamAPS FreeStyle Libre 3
09.07.2026 23:45,"94,0",CamAPS FreeStyle Libre 3
09.07.2026 23:50,"94,0",CamAPS FreeStyle Libre 3
09.07.2026 23:55,"87,0",CamAPS FreeStyle Libre 3
10.07.2026 00:00,"111,0",CamAPS FreeStyle Libre 3
10.07.2026 00:05,"106,0",CamAPS FreeStyle Libre 3
10.07.2026 00:10,"106,0",CamAPS FreeStyle Libre 3
10.07.2026 00:15,"105,0",CamAPS FreeStyle Libre 3
10.07.2026 00:25,"106,0",CamAPS FreeStyle Libre 3
10.07.2026 00:30,"117,0",CamAPS FreeStyle Libre 3
10.07.2026 00:35,"112,0",CamAPS FreeStyle Libre 3
10.07.2026 00:40,"114,0",CamAPS FreeStyle Libre 3
10.07.2026 00:45,"113,0",CamAPS FreeStyle Libre 3
10.07.2026 00:50,"113,0",CamAPS FreeStyle Libre 3
10.07.2026 00:55,"116,0",CamAPS FreeStyle Libre 3
10.07.2026 01:00,"121,0",CamAPS FreeStyle Libre 3
10.07.2026 01:05,"117,0",CamAPS FreeStyle Libre 3
10.07.2026 01:10,"128,0",CamAPS FreeStyle Libre 3
10.07.2026 01:15,"119,0",CamAPS FreeStyle Libre 3
10.07.2026 01:20,"113,0",CamAPS FreeStyle Libre 3
10.07.2026 01:25,"111,0",CamAPS FreeStyle Libre 3
10.07.2026 01:30,"115,0",CamAPS FreeStyle Libre 3
10.07.2026 01:35,"115,0",CamAPS FreeStyle Libre 3
10.07.2026 01:40,"109,0",CamAPS FreeStyle Libre 3
10.07.2026 01:45,"109,0",CamAPS FreeStyle Libre 3
10.07.2026 01:50,"112,0",CamAPS FreeStyle Libre 3
10.07.2026 01:55,"120,0",CamAPS FreeStyle Libre 3
10.07.2026 02:00,"120,0",CamAPS FreeStyle Libre 3
10.07.2026 02:05,"118,0",CamAPS FreeStyle Libre 3
10.07.2026 02:10,"121,0",CamAPS FreeStyle Libre 3
10.07.2026 02:15,"118,0",CamAPS FreeStyle Libre 3
10.07.2026 02:20,"117,0",CamAPS FreeStyle Libre 3
10.07.2026 02:25,"116,0",CamAPS FreeStyle Libre 3
10.07.2026 02:30,"117,0",CamAPS FreeStyle Libre 3
10.07.2026 02:35,"116,0",CamAPS FreeStyle Libre 3
10.07.2026 02:40,"119,0",CamAPS FreeStyle Libre 3
10.07.2026 02:45,"112,0",CamAPS FreeStyle Libre 3
10.07.2026 02:50,"113,0",CamAPS FreeStyle Libre 3
10.07.2026 02:55,"112,0",CamAPS FreeStyle Libre 3
10.07.2026 03:00,"120,0",CamAPS FreeStyle Libre 3
10.07.2026 03:05,"118,0",CamAPS FreeStyle Libre 3
10.07.2026 03:10,"121,0",CamAPS FreeStyle Libre 3
10.07.2026 03:15,"124,0",CamAPS FreeStyle Libre 3
10.07.2026 03:20,"120,0",CamAPS FreeStyle Libre 3
10.07.2026 03:25,"118,0",CamAPS FreeStyle Libre 3
10.07.2026 03:30,"121,0",CamAPS FreeStyle Libre 3
10.07.2026 03:35,"112,0",CamAPS FreeStyle Libre 3
10.07.2026 03:40,"124,0",CamAPS FreeStyle Libre 3
10.07.2026 03:50,"119,0",CamAPS FreeStyle Libre 3
10.07.2026 03:55,"123,0",CamAPS FreeStyle Libre 3
10.07.2026 04:00,"123,0",CamAPS FreeStyle Libre 3
10.07.2026 04:05,"128,0",CamAPS FreeStyle Libre 3
10.07.2026 04:10,"126,0",CamAPS FreeStyle Libre 3
10.07.2026 04:20,"132,0",CamAPS FreeStyle Libre 3
10.07.2026 04:30,"133,0",CamAPS FreeStyle Libre 3
10.07.2026 04:35,"131,0",CamAPS FreeStyle Libre 3
10.07.2026 04:40,"132,0",CamAPS FreeStyle Libre 3
10.07.2026 04:45,"127,0",CamAPS FreeStyle Libre 3
10.07.2026 04:50,"137,0",CamAPS FreeStyle Libre 3
10.07.2026 04:55,"142,0",CamAPS FreeStyle Libre 3
10.07.2026 05:10,"140,0",CamAPS FreeStyle Libre 3
10.07.2026 05:15,"133,0",CamAPS FreeStyle Libre 3
10.07.2026 05:20,"140,0",CamAPS FreeStyle Libre 3
10.07.2026 05:25,"148,0",CamAPS FreeStyle Libre 3
10.07.2026 05:30,"142,0",CamAPS FreeStyle Libre 3
10.07.2026 05:35,"147,0",CamAPS FreeStyle Libre 3
10.07.2026 05:40,"145,0",CamAPS FreeStyle Libre 3
10.07.2026 05:45,"147,0",CamAPS FreeStyle Libre 3
10.07.2026 05:50,"146,0",CamAPS FreeStyle Libre 3
10.07.2026 05:55,"148,0",CamAPS FreeStyle Libre 3
10.07.2026 06:00,"152,0",CamAPS FreeStyle Libre 3
10.07.2026 06:05,"149,0",CamAPS FreeStyle Libre 3
10.07.2026 06:10,"142,0",CamAPS FreeStyle Libre 3
10.07.2026 06:15,"143,0",CamAPS FreeStyle Libre 3
10.07.2026 06:20,"145,0",CamAPS FreeStyle Libre 3
10.07.2026 06:25,"147,0",CamAPS FreeStyle Libre 3
10.07.2026 06:30,"142,0",CamAPS FreeStyle Libre 3
10.07.2026 06:35,"135,0",CamAPS FreeStyle Libre 3
10.07.2026 06:40,"130,0",CamAPS FreeStyle Libre 3
10.07.2026 06:45,"129,0",CamAPS FreeStyle Libre 3
10.07.2026 06:50,"123,0",CamAPS FreeStyle Libre 3
10.07.2026 06:55,"113,0",CamAPS FreeStyle Libre 3
10.07.2026 07:05,"132,0",CamAPS FreeStyle Libre 3
10.07.2026 07:10,"123,0",CamAPS FreeStyle Libre 3
10.07.2026 07:15,"130,0",CamAPS FreeStyle Libre 3
10.07.2026 07:20,"128,0",CamAPS FreeStyle Libre 3
10.07.2026 07:25,"135,0",CamAPS FreeStyle Libre 3
10.07.2026 07:30,"160,0",CamAPS FreeStyle Libre 3
10.07.2026 07:35,"177,0",CamAPS FreeStyle Libre 3
10.07.2026 07:40,"184,0",CamAPS FreeStyle Libre 3
10.07.2026 07:45,"201,0",CamAPS FreeStyle Libre 3
10.07.2026 07:50,"212,0",CamAPS FreeStyle Libre 3
10.07.2026 07:55,"217,0",CamAPS FreeStyle Libre 3
10.07.2026 08:00,"221,0",CamAPS FreeStyle Libre 3
10.07.2026 08:05,"226,0",CamAPS FreeStyle Libre 3
10.07.2026 08:10,"225,0",CamAPS FreeStyle Libre 3
10.07.2026 08:15,"219,0",CamAPS FreeStyle Libre 3
10.07.2026 08:20,"220,0",CamAPS FreeStyle Libre 3
10.07.2026 08:25,"212,0",CamAPS FreeStyle Libre 3
10.07.2026 08:30,"203,0",CamAPS FreeStyle Libre 3
10.07.2026 08:35,"200,0",CamAPS FreeStyle Libre 3
10.07.2026 08:40,"197,0",CamAPS FreeStyle Libre 3
10.07.2026 08:45,"184,0",CamAPS FreeStyle Libre 3
10.07.2026 08:50,"178,0",CamAPS FreeStyle Libre 3
10.07.2026 08:55,"173,0",CamAPS FreeStyle Libre 3
10.07.2026 09:00,"173,0",CamAPS FreeStyle Libre 3
10.07.2026 09:05,"163,0",CamAPS FreeStyle Libre 3
10.07.2026 09:10,"158,0",CamAPS FreeStyle Libre 3
10.07.2026 09:15,"153,0",CamAPS FreeStyle Libre 3
10.07.2026 09:20,"148,0",CamAPS FreeStyle Libre 3
10.07.2026 09:30,"135,0",CamAPS FreeStyle Libre 3
10.07.2026 09:35,"129,0",CamAPS FreeStyle Libre 3
10.07.2026 09:40,"127,0",CamAPS FreeStyle Libre 3
10.07.2026 09:45,"126,0",CamAPS FreeStyle Libre 3
10.07.2026 09:50,"112,0",CamAPS FreeStyle Libre 3
10.07.2026 10:00,"101,0",CamAPS FreeStyle Libre 3
10.07.2026 10:05,"104,0",CamAPS FreeStyle Libre 3
10.07.2026 10:10,"105,0",CamAPS FreeStyle Libre 3
10.07.2026 10:15,"98,0",CamAPS FreeStyle Libre 3
10.07.2026 10:20,"97,0",CamAPS FreeStyle Libre 3
10.07.2026 10:25,"89,0",CamAPS FreeStyle Libre 3
10.07.2026 10:30,"81,0",CamAPS FreeStyle Libre 3
10.07.2026 10:35,"75,0",CamAPS FreeStyle Libre 3
10.07.2026 10:40,"85,0",CamAPS FreeStyle Libre 3
10.07.2026 10:45,"85,0",CamAPS FreeStyle Libre 3
10.07.2026 10:50,"94,0",CamAPS FreeStyle Libre 3
10.07.2026 10:55,"83,0",CamAPS FreeStyle Libre 3
10.07.2026 11:00,"80,0",CamAPS FreeStyle Libre 3
10.07.2026 11:05,"68,0",CamAPS FreeStyle Libre 3
10.07.2026 11:10,"70,0",CamAPS FreeStyle Libre 3
10.07.2026 11:15,"83,0",CamAPS FreeStyle Libre 3
10.07.2026 11:20,"72,0",CamAPS FreeStyle Libre 3
10.07.2026 11:25,"125,0",CamAPS FreeStyle Libre 3
10.07.2026 11:30,"121,0",CamAPS FreeStyle Libre 3
10.07.2026 11:35,"117,0",CamAPS FreeStyle Libre 3
10.07.2026 11:40,"120,0",CamAPS FreeStyle Libre 3
10.07.2026 11:45,"116,0",CamAPS FreeStyle Libre 3
10.07.2026 11:50,"116,0",CamAPS FreeStyle Libre 3
10.07.2026 11:55,"117,0",CamAPS FreeStyle Libre 3
10.07.2026 12:00,"129,0",CamAPS FreeStyle Libre 3
10.07.2026 12:05,"121,0",CamAPS FreeStyle Libre 3
10.07.2026 12:10,"112,0",CamAPS FreeStyle Libre 3
10.07.2026 12:15,"109,0",CamAPS FreeStyle Libre 3
10.07.2026 12:20,"125,0",CamAPS FreeStyle Libre 3
10.07.2026 12:25,"156,0",CamAPS FreeStyle Libre 3
10.07.2026 12:30,"176,0",CamAPS FreeStyle Libre 3
10.07.2026 12:35,"200,0",CamAPS FreeStyle Libre 3
10.07.2026 12:40,"211,0",CamAPS FreeStyle Libre 3
10.07.2026 12:45,"230,0",CamAPS FreeStyle Libre 3
10.07.2026 12:50,"235,0",CamAPS FreeStyle Libre 3
10.07.2026 12:55,"230,0",CamAPS FreeStyle Libre 3
10.07.2026 13:00,"239,0",CamAPS FreeStyle Libre 3
10.07.2026 13:05,"240,0",CamAPS FreeStyle Libre 3
10.07.2026 13:10,"247,0",CamAPS FreeStyle Libre 3
10.07.2026 13:15,"240,0",CamAPS FreeStyle Libre 3
10.07.2026 13:20,"242,0",CamAPS FreeStyle Libre 3
10.07.2026 13:25,"240,0",CamAPS FreeStyle Libre 3
10.07.2026 13:30,"234,0",CamAPS FreeStyle Libre 3
10.07.2026 13:35,"224,0",CamAPS FreeStyle Libre 3
10.07.2026 13:45,"202,0",CamAPS FreeStyle Libre 3
10.07.2026 13:50,"209,0",CamAPS FreeStyle Libre 3
10.07.2026 13:55,"198,0",CamAPS FreeStyle Libre 3
10.07.2026 14:00,"191,0",CamAPS FreeStyle Libre 3
10.07.2026 14:05,"185,0",CamAPS FreeStyle Libre 3
10.07.2026 14:10,"182,0",CamAPS FreeStyle Libre 3
10.07.2026 14:15,"190,0",CamAPS FreeStyle Libre 3
10.07.2026 14:20,"182,0",CamAPS FreeStyle Libre 3
10.07.2026 14:25,"183,0",CamAPS FreeStyle Libre 3
10.07.2026 14:30,"173,0",CamAPS FreeStyle Libre 3
10.07.2026 14:35,"179,0",CamAPS FreeStyle Libre 3
10.07.2026 14:40,"179,0",CamAPS FreeStyle Libre 3
10.07.2026 14:45,"177,0",CamAPS FreeStyle Libre 3
10.07.2026 14:50,"172,0",CamAPS FreeStyle Libre 3
10.07.2026 14:55,"165,0",CamAPS FreeStyle Libre 3
10.07.2026 15:00,"173,0",CamAPS FreeStyle Libre 3
10.07.2026 15:05,"169,0",CamAPS FreeStyle Libre 3
10.07.2026 15:20,"174,0",CamAPS FreeStyle Libre 3
10.07.2026 15:25,"172,0",CamAPS FreeStyle Libre 3
10.07.2026 15:30,"179,0",CamAPS FreeStyle Libre 3
10.07.2026 15:35,"179,0",CamAPS FreeStyle Libre 3
10.07.2026 15:40,"176,0",CamAPS FreeStyle Libre 3
10.07.2026 15:45,"176,0",CamAPS FreeStyle Libre 3
10.07.2026 15:50,"170,0",CamAPS FreeStyle Libre 3
10.07.2026 15:55,"173,0",CamAPS FreeStyle Libre 3
10.07.2026 16:00,"177,0",CamAPS FreeStyle Libre 3
10.07.2026 16:05,"176,0",CamAPS FreeStyle Libre 3
10.07.2026 16:10,"165,0",CamAPS FreeStyle Libre 3
10.07.2026 16:15,"173,0",CamAPS FreeStyle Libre 3
10.07.2026 16:20,"115,0",CamAPS FreeStyle Libre 3
10.07.2026 16:25,"114,0",CamAPS FreeStyle Libre 3
10.07.2026 16:35,"114,0",CamAPS FreeStyle Libre 3
10.07.2026 16:40,"112,0",CamAPS FreeStyle Libre 3
10.07.2026 16:45,"108,0",CamAPS FreeStyle Libre 3
10.07.2026 16:50,"107,0",CamAPS FreeStyle Libre 3
10.07.2026 16:55,"105,0",CamAPS FreeStyle Libre 3
10.07.2026 17:00,"110,0",CamAPS FreeStyle Libre 3
10.07.2026 17:05,"119,0",CamAPS FreeStyle Libre 3
10.07.2026 17:10,"118,0",CamAPS FreeStyle Libre 3
10.07.2026 17:15,"120,0",CamAPS FreeStyle Libre 3
10.07.2026 17:20,"115,0",CamAPS FreeStyle Libre 3
10.07.2026 17:25,"129,0",CamAPS FreeStyle Libre 3
10.07.2026 17:30,"113,0",CamAPS FreeStyle Libre 3
10.07.2026 17:35,"116,0",CamAPS FreeStyle Libre 3
10.07.2026 17:40,"118,0",CamAPS FreeStyle Libre 3
10.07.2026 17:45,"124,0",CamAPS FreeStyle Libre 3
10.07.2026 17:50,"120,0",CamAPS FreeStyle Libre 3
10.07.2026 17:55,"131,0",CamAPS FreeStyle Libre 3
10.07.2026 18:00,"136,0",CamAPS FreeStyle Libre 3
10.07.2026 18:05,"146,0",CamAPS FreeStyle Libre 3
10.07.2026 18:10,"158,0",CamAPS FreeStyle Libre 3
10.07.2026 18:15,"146,0",CamAPS FreeStyle Libre 3
10.07.2026 18:20,"142,0",CamAPS FreeStyle Libre 3
10.07.2026 18:25,"159,0",CamAPS FreeStyle Libre 3
10.07.2026 18:30,"155,0",CamAPS FreeStyle Libre 3
10.07.2026 18:35,"154,0",CamAPS FreeStyle Libre 3
10.07.2026 18:40,"154,0",CamAPS FreeStyle Libre 3
10.07.2026 18:45,"153,0",CamAPS FreeStyle Libre 3
10.07.2026 18:50,"146,0",CamAPS FreeStyle Libre 3
10.07.2026 18:55,"152,0",CamAPS FreeStyle Libre 3
10.07.2026 19:00,"141,0",CamAPS FreeStyle Libre 3
10.07.2026 19:05,"135,0",CamAPS FreeStyle Libre 3
10.07.2026 19:10,"128,0",CamAPS FreeStyle Libre 3
10.07.2026 19:15,"130,0",CamAPS FreeStyle Libre 3
10.07.2026 19:20,"129,0",CamAPS FreeStyle Libre 3
10.07.2026 19:25,"140,0",CamAPS FreeStyle Libre 3
10.07.2026 19:30,"158,0",CamAPS FreeStyle Libre 3
10.07.2026 19:35,"168,0",CamAPS FreeStyle Libre 3
10.07.2026 19:40,"186,0",CamAPS FreeStyle Libre 3
10.07.2026 19:45,"193,0",CamAPS FreeStyle Libre 3
10.07.2026 19:50,"195,0",CamAPS FreeStyle Libre 3
10.07.2026 19:55,"206,0",CamAPS FreeStyle Libre 3
10.07.2026 20:00,"208,0",CamAPS FreeStyle Libre 3
10.07.2026 20:05,"217,0",CamAPS FreeStyle Libre 3
10.07.2026 20:10,"216,0",CamAPS FreeStyle Libre 3
10.07.2026 20:15,"215,0",CamAPS FreeStyle Libre 3
10.07.2026 20:20,"214,0",CamAPS FreeStyle Libre 3
10.07.2026 20:25,"216,0",CamAPS FreeStyle Libre 3
10.07.2026 20:30,"210,0",CamAPS FreeStyle Libre 3
10.07.2026 20:35,"190,0",CamAPS FreeStyle Libre 3
10.07.2026 20:40,"185,0",CamAPS FreeStyle Libre 3
10.07.2026 20:45,"189,0",CamAPS FreeStyle Libre 3
10.07.2026 20:50,"188,0",CamAPS FreeStyle Libre 3
10.07.2026 20:55,"183,0",CamAPS FreeStyle Libre 3
10.07.2026 21:00,"179,0",CamAPS FreeStyle Libre 3
10.07.2026 21:05,"167,0",CamAPS FreeStyle Libre 3
10.07.2026 21:10,"165,0",CamAPS FreeStyle Libre 3
10.07.2026 21:15,"166,0",CamAPS FreeStyle Libre 3
10.07.2026 21:20,"165,0",CamAPS FreeStyle Libre 3
10.07.2026 21:25,"164,0",CamAPS FreeStyle Libre 3
10.07.2026 21:30,"158,0",CamAPS FreeStyle Libre 3
10.07.2026 21:35,"158,0",CamAPS FreeStyle Libre 3
10.07.2026 21:40,"154,0",CamAPS FreeStyle Libre 3
10.07.2026 21:45,"151,0",CamAPS FreeStyle Libre 3
10.07.2026 21:50,"146,0",CamAPS FreeStyle Libre 3
10.07.2026 21:55,"147,0",CamAPS FreeStyle Libre 3
10.07.2026 22:00,"151,0",CamAPS FreeStyle Libre 3
10.07.2026 22:05,"152,0",CamAPS FreeStyle Libre 3
10.07.2026 22:10,"141,0",CamAPS FreeStyle Libre 3
10.07.2026 22:15,"130,0",CamAPS FreeStyle Libre 3
10.07.2026 22:20,"135,0",CamAPS FreeStyle Libre 3
10.07.2026 22:25,"140,0",CamAPS FreeStyle Libre 3
10.07.2026 22:30,"140,0",CamAPS FreeStyle Libre 3
10.07.2026 22:35,"146,0",CamAPS FreeStyle Libre 3
10.07.2026 22:40,"135,0",CamAPS FreeStyle Libre 3
10.07.2026 22:45,"141,0",CamAPS FreeStyle Libre 3
10.07.2026 22:55,"148,0",CamAPS FreeStyle Libre 3
10.07.2026 23:00,"144,0",CamAPS FreeStyle Libre 3
10.07.2026 23:05,"147,0",CamAPS FreeStyle Libre 3
10.07.2026 23:10,"145,0",CamAPS FreeStyle Libre 3
10.07.2026 23:15,"151,0",CamAPS FreeStyle Libre 3
10.07.2026 23:20,"142,0",CamAPS FreeStyle Libre 3
10.07.2026 23:25,"118,0",CamAPS FreeStyle Libre 3
10.07.2026 23:30,"109,0",CamAPS FreeStyle Libre 3
10.07.2026 23:35,"107,0",CamAPS FreeStyle Libre 3
10.07.2026 23:40,"111,0",CamAPS FreeStyle Libre 3
10.07.2026 23:45,"109,0",CamAPS FreeStyle Libre 3
10.07.2026 23:50,"110,0",CamAPS FreeStyle Libre 3
10.07.2026 23:55,"105,0",CamAPS FreeStyle Libre 3
11.07.2026 00:00,"133,0",CamAPS FreeStyle Libre 3
11.07.2026 00:05,"116,0",CamAPS FreeStyle Libre 3
11.07.2026 00:10,"132,0",CamAPS FreeStyle Libre 3
11.07.2026 00:15,"138,0",CamAPS FreeStyle Libre 3
11.07.2026 00:20,"131,0",CamAPS FreeStyle Libre 3
11.07.2026 00:25,"139,0",CamAPS FreeStyle Libre 3
11.07.2026 00:30,"124,0",CamAPS FreeStyle Libre 3
11.07.2026 00:35,"128,0",CamAPS FreeStyle Libre 3
11.07.2026 00:40,"142,0",CamAPS FreeStyle Libre 3
11.07.2026 00:45,"129,0",CamAPS FreeStyle Libre 3
11.07.2026 00:50,"129,0",CamAPS FreeStyle Libre 3
11.07.2026 00:55,"121,0",CamAPS FreeStyle Libre 3
11.07.2026 01:00,"128,0",CamAPS FreeStyle Libre 3
11.07.2026 01:05,"121,0",CamAPS FreeStyle Libre 3
11.07.2026 01:10,"121,0",CamAPS FreeStyle Libre 3
11.07.2026 01:15,"129,0",CamAPS FreeStyle Libre 3
11.07.2026 01:20,"131,0",CamAPS FreeStyle Libre 3
11.07.2026 01:25,"134,0",CamAPS FreeStyle Libre 3
11.07.2026 01:30,"120,0",CamAPS FreeStyle Libre 3
11.07.2026 01:35,"120,0",CamAPS FreeStyle Libre 3
11.07.2026 01:40,"128,0",CamAPS FreeStyle Libre 3
11.07.2026 01:45,"135,0",CamAPS FreeStyle Libre 3
11.07.2026 01:50,"136,0",CamAPS FreeStyle Libre 3
11.07.2026 01:55,"129,0",CamAPS FreeStyle Libre 3
11.07.2026 02:00,"139,0",CamAPS FreeStyle Libre 3
11.07.2026 02:05,"139,0",CamAPS FreeStyle Libre 3
11.07.2026 02:10,"137,0",CamAPS FreeStyle Libre 3
11.07.2026 02:15,"131,0",CamAPS FreeStyle Libre 3
11.07.2026 02:20,"144,0",CamAPS FreeStyle Libre 3
11.07.2026 02:25,"131,0",CamAPS FreeStyle Libre 3
11.07.2026 02:30,"124,0",CamAPS FreeStyle Libre 3
11.07.2026 02:35,"125,0",CamAPS FreeStyle Libre 3
11.07.2026 02:40,"131,0",CamAPS FreeStyle Libre 3
11.07.2026 02:45,"114,0",CamAPS FreeStyle Libre 3
11.07.2026 02:50,"92,0",CamAPS FreeStyle Libre 3
11.07.2026 02:55,"95,0",CamAPS FreeStyle Libre 3
11.07.2026 03:00,"106,0",CamAPS FreeStyle Libre 3
11.07.2026 03:05,"118,0",CamAPS FreeStyle Libre 3
11.07.2026 03:10,"96,0",CamAPS FreeStyle Libre 3
11.07.2026 03:15,"92,0",CamAPS FreeStyle Libre 3
11.07.2026 03:20,"89,0",CamAPS FreeStyle Libre 3
11.07.2026 03:30,"100,0",CamAPS FreeStyle Libre 3
11.07.2026 03:35,"118,0",CamAPS FreeStyle Libre 3
11.07.2026 03:40,"121,0",CamAPS FreeStyle Libre 3
11.07.2026 03:45,"103,0",CamAPS FreeStyle Libre 3
11.07.2026 03:50,"116,0",CamAPS FreeStyle Libre 3
11.07.2026 03:55,"114,0",CamAPS FreeStyle Libre 3
11.07.2026 04:00,"120,0",CamAPS FreeStyle Libre 3
11.07.2026 04:05,"130,0",CamAPS FreeStyle Libre 3
11.07.2026 04:10,"138,0",CamAPS FreeStyle Libre 3
11.07.2026 04:15,"131,0",CamAPS FreeStyle Libre 3
11.07.2026 04:20,"149,0",CamAPS FreeStyle Libre 3
11.07.2026 04:25,"156,0",CamAPS FreeStyle Libre 3
11.07.2026 04:30,"152,0",CamAPS FreeStyle Libre 3
11.07.2026 04:35,"151,0",CamAPS FreeStyle Libre 3
11.07.2026 04:40,"146,0",CamAPS FreeStyle Libre 3
11.07.2026 04:45,"132,0",CamAPS FreeStyle Libre 3
11.07.2026 04:50,"149,0",CamAPS FreeStyle Libre 3
11.07.2026 04:55,"150,0",CamAPS FreeStyle Libre 3
11.07.2026 05:00,"152,0",CamAPS FreeStyle Libre 3
11.07.2026 05:05,"151,0",CamAPS FreeStyle Libre 3
11.07.2026 05:10,"160,0",CamAPS FreeStyle Libre 3
11.07.2026 05:15,"162,0",CamAPS FreeStyle Libre 3
11.07.2026 05:20,"162,0",CamAPS FreeStyle Libre 3
11.07.2026 05:25,"174,0",CamAPS FreeStyle Libre 3
11.07.2026 05:30,"176,0",CamAPS FreeStyle Libre 3
11.07.2026 05:35,"174,0",CamAPS FreeStyle Libre 3
11.07.2026 05:40,"175,0",CamAPS FreeStyle Libre 3
11.07.2026 05:45,"169,0",CamAPS FreeStyle Libre 3
11.07.2026 05:50,"167,0",CamAPS FreeStyle Libre 3
11.07.2026 05:55,"163,0",CamAPS FreeStyle Libre 3
11.07.2026 06:05,"146,0",CamAPS FreeStyle Libre 3
11.07.2026 06:10,"140,0",CamAPS FreeStyle Libre 3
11.07.2026 06:15,"137,0",CamAPS FreeStyle Libre 3
11.07.2026 06:20,"136,0",CamAPS FreeStyle Libre 3
11.07.2026 06:25,"145,0",CamAPS FreeStyle Libre 3
11.07.2026 06:30,"131,0",CamAPS FreeStyle Libre 3
11.07.2026 06:35,"131,0",CamAPS FreeStyle Libre 3
11.07.2026 06:40,"122,0",CamAPS FreeStyle Libre 3
11.07.2026 06:45,"123,0",CamAPS FreeStyle Libre 3
11.07.2026 06:50,"122,0",CamAPS FreeStyle Libre 3
11.07.2026 06:55,"130,0",CamAPS FreeStyle Libre 3
11.07.2026 07:00,"127,0",CamAPS FreeStyle Libre 3
11.07.2026 07:05,"130,0",CamAPS FreeStyle Libre 3
11.07.2026 07:10,"125,0",CamAPS FreeStyle Libre 3
11.07.2026 07:15,"120,0",CamAPS FreeStyle Libre 3
11.07.2026 07:20,"134,0",CamAPS FreeStyle Libre 3
11.07.2026 07:30,"193,0",CamAPS FreeStyle Libre 3
11.07.2026 07:35,"218,0",CamAPS FreeStyle Libre 3
11.07.2026 07:40,"244,0",CamAPS FreeStyle Libre 3
11.07.2026 07:45,"248,0",CamAPS FreeStyle Libre 3
11.07.2026 07:50,"260,0",CamAPS FreeStyle Libre 3
11.07.2026 07:55,"250,0",CamAPS FreeStyle Libre 3
11.07.2026 08:00,"252,0",CamAPS FreeStyle Libre 3
11.07.2026 08:05,"252,0",CamAPS FreeStyle Libre 3
11.07.2026 08:10,"243,0",CamAPS FreeStyle Libre 3
11.07.2026 08:15,"241,0",CamAPS FreeStyle Libre 3
11.07.2026 08:20,"239,0",CamAPS FreeStyle Libre 3
11.07.2026 08:25,"220,0",CamAPS FreeStyle Libre 3
11.07.2026 08:30,"205,0",CamAPS FreeStyle Libre 3
11.07.2026 08:35,"202,0",CamAPS FreeStyle Libre 3
11.07.2026 08:40,"189,0",CamAPS FreeStyle Libre 3
11.07.2026 08:45,"187,0",CamAPS FreeStyle Libre 3
11.07.2026 08:50,"175,0",CamAPS FreeStyle Libre 3
11.07.2026 08:55,"164,0",CamAPS FreeStyle Libre 3
11.07.2026 09:00,"159,0",CamAPS FreeStyle Libre 3
11.07.2026 09:05,"154,0",CamAPS FreeStyle Libre 3
11.07.2026 09:10,"149,0",CamAPS FreeStyle Libre 3
11.07.2026 09:15,"142,0",CamAPS FreeStyle Libre 3
11.07.2026 09:20,"133,0",CamAPS FreeStyle Libre 3
11.07.2026 09:25,"123,0",CamAPS FreeStyle Libre 3
11.07.2026 09:30,"116,0",CamAPS FreeStyle Libre 3
11.07.2026 09:35,"118,0",CamAPS FreeStyle Libre 3
11.07.2026 09:40,"118,0",CamAPS FreeStyle Libre 3
11.07.2026 09:45,"127,0",CamAPS FreeStyle Libre 3
11.07.2026 09:50,"125,0",CamAPS FreeStyle Libre 3
11.07.2026 09:55,"124,0",CamAPS FreeStyle Libre 3
11.07.2026 10:00,"121,0",CamAPS FreeStyle Libre 3
11.07.2026 10:10,"113,0",CamAPS FreeStyle Libre 3
11.07.2026 10:15,"107,0",CamAPS FreeStyle Libre 3
11.07.2026 10:20,"102,0",CamAPS FreeStyle Libre 3
11.07.2026 10:25,"98,0",CamAPS FreeStyle Libre 3
11.07.2026 10:30,"95,0",CamAPS FreeStyle Libre 3
11.07.2026 10:35,"91,0",CamAPS FreeStyle Libre 3
11.07.2026 10:40,"78,0",CamAPS FreeStyle Libre 3
11.07.2026 10:45,"85,0",CamAPS FreeStyle Libre 3
11.07.2026 10:50,"93,0",CamAPS FreeStyle Libre 3
11.07.2026 10:55,"92,0",CamAPS FreeStyle Libre 3
11.07.2026 11:00,"96,0",CamAPS FreeStyle Libre 3
11.07.2026 11:05,"102,0",CamAPS FreeStyle Libre 3
11.07.2026 11:10,"90,0",CamAPS FreeStyle Libre 3
11.07.2026 11:15,"80,0",CamAPS FreeStyle Libre 3
11.07.2026 11:20,"102,0",CamAPS FreeStyle Libre 3
11.07.2026 11:25,"107,0",CamAPS FreeStyle Libre 3
11.07.2026 11:30,"115,0",CamAPS FreeStyle Libre 3
11.07.2026 11:35,"114,0",CamAPS FreeStyle Libre 3
11.07.2026 11:40,"116,0",CamAPS FreeStyle Libre 3
11.07.2026 11:50,"110,0",CamAPS FreeStyle Libre 3
11.07.2026 11:55,"111,0",CamAPS FreeStyle Libre 3
11.07.2026 12:00,"117,0",CamAPS FreeStyle Libre 3
11.07.2026 12:05,"110,0",CamAPS FreeStyle Libre 3
11.07.2026 12:10,"111,0",CamAPS FreeStyle Libre 3
11.07.2026 12:15,"118,0",CamAPS FreeStyle Libre 3
11.07.2026 12:20,"121,0",CamAPS FreeStyle Libre 3
11.07.2026 12:25,"137,0",CamAPS FreeStyle Libre 3
11.07.2026 12:30,"169,0",CamAPS FreeStyle Libre 3
11.07.2026 12:35,"196,0",CamAPS FreeStyle Libre 3
11.07.2026 12:40,"230,0",CamAPS FreeStyle Libre 3
11.07.2026 12:45,"253,0",CamAPS FreeStyle Libre 3
11.07.2026 12:50,"270,0",CamAPS FreeStyle Libre 3
11.07.2026 12:55,"287,0",CamAPS FreeStyle Libre 3
11.07.2026 13:00,"297,0",CamAPS FreeStyle Libre 3
11.07.2026 13:05,"308,0",CamAPS FreeStyle Libre 3
11.07.2026 13:10,"320,0",CamAPS FreeStyle Libre 3
11.07.2026 13:20,"331,0",CamAPS FreeStyle Libre 3
11.07.2026 13:25,"326,0",CamAPS FreeStyle Libre 3
11.07.2026 13:30,"331,0",CamAPS FreeStyle Libre 3
11.07.2026 13:35,"311,0",CamAPS FreeStyle Libre 3
11.07.2026 13:40,"298,0",CamAPS FreeStyle Libre 3
11.07.2026 13:45,"288,0",CamAPS FreeStyle Libre 3
11.07.2026 13:50,"287,0",CamAPS FreeStyle Libre 3
11.07.2026 13:55,"282,0",CamAPS FreeStyle Libre 3
11.07.2026 14:00,"268,0",CamAPS FreeStyle Libre 3
11.07.2026 14:05,"259,0",CamAPS FreeStyle Libre 3
11.07.2026 14:10,"257,0",CamAPS FreeStyle Libre 3
11.07.2026 14:15,"245,0",CamAPS FreeStyle Libre 3
11.07.2026 14:20,"237,0",CamAPS FreeStyle Libre 3
11.07.2026 14:25,"231,0",CamAPS FreeStyle Libre 3
11.07.2026 14:30,"234,0",CamAPS FreeStyle Libre 3
11.07.2026 14:35,"227,0",CamAPS FreeStyle Libre 3
11.07.2026 14:40,"225,0",CamAPS FreeStyle Libre 3
11.07.2026 14:45,"222,0",CamAPS FreeStyle Libre 3
11.07.2026 14:50,"223,0",CamAPS FreeStyle Libre 3
11.07.2026 14:55,"224,0",CamAPS FreeStyle Libre 3
11.07.2026 15:00,"222,0",CamAPS FreeStyle Libre 3
11.07.2026 15:05,"225,0",CamAPS FreeStyle Libre 3
11.07.2026 15:10,"211,0",CamAPS FreeStyle Libre 3
11.07.2026 15:15,"216,0",CamAPS FreeStyle Libre 3
11.07.2026 15:20,"208,0",CamAPS FreeStyle Libre 3
11.07.2026 15:25,"203,0",CamAPS FreeStyle Libre 3
11.07.2026 15:30,"206,0",CamAPS FreeStyle Libre 3
11.07.2026 15:35,"209,0",CamAPS FreeStyle Libre 3
11.07.2026 15:40,"212,0",CamAPS FreeStyle Libre 3
11.07.2026 15:50,"210,0",CamAPS FreeStyle Libre 3
11.07.2026 15:55,"218,0",CamAPS FreeStyle Libre 3
11.07.2026 16:00,"224,0",CamAPS FreeStyle Libre 3
11.07.2026 16:05,"221,0",CamAPS FreeStyle Libre 3
11.07.2026 16:10,"225,0",CamAPS FreeStyle Libre 3
11.07.2026 16:15,"234,0",CamAPS FreeStyle Libre 3
11.07.2026 16:20,"234,0",CamAPS FreeStyle Libre 3
11.07.2026 16:25,"115,0",CamAPS FreeStyle Libre 3
11.07.2026 16:30,"112,0",CamAPS FreeStyle Libre 3
11.07.2026 16:35,"110,0",CamAPS FreeStyle Libre 3
11.07.2026 16:40,"105,0",CamAPS FreeStyle Libre 3
11.07.2026 16:45,"110,0",CamAPS FreeStyle Libre 3
11.07.2026 16:50,"110,0",CamAPS FreeStyle Libre 3
11.07.2026 16:55,"111,0",CamAPS FreeStyle Libre 3
11.07.2026 17:00,"108,0",CamAPS FreeStyle Libre 3
11.07.2026 17:05,"110,0",CamAPS FreeStyle Libre 3
11.07.2026 17:10,"118,0",CamAPS FreeStyle Libre 3
11.07.2026 17:15,"116,0",CamAPS FreeStyle Libre 3
11.07.2026 17:25,"105,0",CamAPS FreeStyle Libre 3
11.07.2026 17:30,"109,0",CamAPS FreeStyle Libre 3
11.07.2026 17:35,"103,0",CamAPS FreeStyle Libre 3
11.07.2026 17:40,"102,0",CamAPS FreeStyle Libre 3
11.07.2026 17:45,"102,0",CamAPS FreeStyle Libre 3
11.07.2026 17:50,"110,0",CamAPS FreeStyle Libre 3
11.07.2026 17:55,"104,0",CamAPS FreeStyle Libre 3
11.07.2026 18:00,"101,0",CamAPS FreeStyle Libre 3
11.07.2026 18:05,"102,0",CamAPS FreeStyle Libre 3
11.07.2026 18:10,"88,0",CamAPS FreeStyle Libre 3
11.07.2026 18:15,"99,0",CamAPS FreeStyle Libre 3
11.07.2026 18:20,"99,0",CamAPS FreeStyle Libre 3
11.07.2026 18:25,"99,0",CamAPS FreeStyle Libre 3
11.07.2026 18:30,"107,0",CamAPS FreeStyle Libre 3
11.07.2026 18:35,"119,0",CamAPS FreeStyle Libre 3
11.07.2026 18:45,"97,0",CamAPS FreeStyle Libre 3
11.07.2026 18:50,"132,0",CamAPS FreeStyle Libre 3
11.07.2026 18:55,"174,0",CamAPS FreeStyle Libre 3
11.07.2026 19:00,"200,0",CamAPS FreeStyle Libre 3
11.07.2026 19:05,"211,0",CamAPS FreeStyle Libre 3
11.07.2026 19:10,"225,0",CamAPS FreeStyle Libre 3
11.07.2026 19:15,"232,0",CamAPS FreeStyle Libre 3
11.07.2026 19:20,"240,0",CamAPS FreeStyle Libre 3
11.07.2026 19:25,"241,0",CamAPS FreeStyle Libre 3
11.07.2026 19:30,"245,0",CamAPS FreeStyle Libre 3
11.07.2026 19:35,"246,0",CamAPS FreeStyle Libre 3
11.07.2026 19:40,"235,0",CamAPS FreeStyle Libre 3
11.07.2026 19:45,"221,0",CamAPS FreeStyle Libre 3
11.07.2026 19:50,"204,0",CamAPS FreeStyle Libre 3
11.07.2026 19:55,"195,0",CamAPS FreeStyle Libre 3
11.07.2026 20:00,"187,0",CamAPS FreeStyle Libre 3
11.07.2026 20:10,"180,0",CamAPS FreeStyle Libre 3
11.07.2026 20:15,"170,0",CamAPS FreeStyle Libre 3
11.07.2026 20:20,"160,0",CamAPS FreeStyle Libre 3
11.07.2026 20:25,"151,0",CamAPS FreeStyle Libre 3
11.07.2026 20:30,"142,0",CamAPS FreeStyle Libre 3
11.07.2026 20:35,"133,0",CamAPS FreeStyle Libre 3
11.07.2026 20:40,"126,0",CamAPS FreeStyle Libre 3
11.07.2026 20:45,"133,0",CamAPS FreeStyle Libre 3
11.07.2026 20:50,"126,0",CamAPS FreeStyle Libre 3
11.07.2026 20:55,"123,0",CamAPS FreeStyle Libre 3
11.07.2026 21:00,"109,0",CamAPS FreeStyle Libre 3
11.07.2026 21:05,"109,0",CamAPS FreeStyle Libre 3
11.07.2026 21:10,"113,0",CamAPS FreeStyle Libre 3
11.07.2026 21:15,"114,0",CamAPS FreeStyle Libre 3
11.07.2026 21:20,"107,0",CamAPS FreeStyle Libre 3
11.07.2026 21:25,"96,0",CamAPS FreeStyle Libre 3
11.07.2026 21:30,"98,0",CamAPS FreeStyle Libre 3
11.07.2026 21:35,"106,0",CamAPS FreeStyle Libre 3
11.07.2026 21:40,"105,0",CamAPS FreeStyle Libre 3
11.07.2026 21:45,"102,0",CamAPS FreeStyle Libre 3
11.07.2026 21:50,"106,0",CamAPS FreeStyle Libre 3
11.07.2026 21:55,"113,0",CamAPS FreeStyle Libre 3
11.07.2026 22:00,"97,0",CamAPS FreeStyle Libre 3
11.07.2026 22:05,"96,0",CamAPS FreeStyle Libre 3
11.07.2026 22:10,"105,0",CamAPS FreeStyle Libre 3
11.07.2026 22:15,"99,0",CamAPS FreeStyle Libre 3
11.07.2026 22:20,"93,0",CamAPS FreeStyle Libre 3
11.07.2026 22:25,"105,0",CamAPS FreeStyle Libre 3
11.07.2026 22:30,"109,0",CamAPS FreeStyle Libre 3
11.07.2026 22:35,"101,0",CamAPS FreeStyle Libre 3
11.07.2026 22:40,"99,0",CamAPS FreeStyle Libre 3
11.07.2026 22:45,"90,0",CamAPS FreeStyle Libre 3
11.07.2026 22:50,"112,0",CamAPS FreeStyle Libre 3
11.07.2026 22:55,"110,0",CamAPS FreeStyle Libre 3
11.07.2026 23:00,"121,0",CamAPS FreeStyle Libre 3
11.07.2026 23:05,"119,0",CamAPS FreeStyle Libre 3
11.07.2026 23:10,"109,0",CamAPS FreeStyle Libre 3
11.07.2026 23:15,"112,0",CamAPS FreeStyle Libre 3
11.07.2026 23:20,"106,0",CamAPS FreeStyle Libre 3
11.07.2026 23:25,"108,0",CamAPS FreeStyle Libre 3
11.07.2026 23:30,"98,0",CamAPS FreeStyle Libre 3
11.07.2026 23:35,"98,0",CamAPS FreeStyle Libre 3
11.07.2026 23:40,"99,0",CamAPS FreeStyle Libre 3
11.07.2026 23:45,"108,0",CamAPS FreeStyle Libre 3
11.07.2026 23:50,"97,0",CamAPS FreeStyle Libre 3
11.07.2026 23:55,"113,0",CamAPS FreeStyle Libre 3
12.07.2026 00:00,"102,0",CamAPS FreeStyle Libre 3
12.07.2026 00:05,"106,0",CamAPS FreeStyle Libre 3
12.07.2026 00:10,"98,0",CamAPS FreeStyle Libre 3
12.07.2026 00:15,"104,0",CamAPS FreeStyle Libre 3
12.07.2026 00:20,"107,0",CamAPS FreeStyle Libre 3
12.07.2026 00:25,"109,0",CamAPS FreeStyle Libre 3
12.07.2026 00:30,"102,0",CamAPS FreeStyle Libre 3
12.07.2026 00:35,"100,0",CamAPS FreeStyle Libre 3
12.07.2026 00:40,"96,0",CamAPS FreeStyle Libre 3
12.07.2026 00:45,"91,0",CamAPS FreeStyle Libre 3
12.07.2026 00:50,"101,0",CamAPS FreeStyle Libre 3
12.07.2026 00:55,"98,0",CamAPS FreeStyle Libre 3
12.07.2026 01:00,"99,0",CamAPS FreeStyle Libre 3
12.07.2026 01:05,"104,0",CamAPS FreeStyle Libre 3
12.07.2026 01:10,"101,0",CamAPS FreeStyle Libre 3
12.07.2026 01:15,"101,0",CamAPS FreeStyle Libre 3
12.07.2026 01:20,"98,0",CamAPS FreeStyle Libre 3
12.07.2026 01:25,"88,0",CamAPS FreeStyle Libre 3
12.07.2026 01:30,"92,0",CamAPS FreeStyle Libre 3
12.07.2026 01:35,"104,0",CamAPS FreeStyle Libre 3
12.07.2026 01:45,"98,0",CamAPS FreeStyle Libre 3
12.07.2026 01:50,"97,0",CamAPS FreeStyle Libre 3
12.07.2026 01:55,"95,0",CamAPS FreeStyle Libre 3
12.07.2026 02:00,"100,0",CamAPS FreeStyle Libre 3
12.07.2026 02:05,"100,0",CamAPS FreeStyle Libre 3
12.07.2026 02:10,"98,0",CamAPS FreeStyle Libre 3
12.07.2026 02:15,"100,0",CamAPS FreeStyle Libre 3
12.07.2026 02:20,"104,0",CamAPS FreeStyle Libre 3
12.07.2026 02:25,"111,0",CamAPS FreeStyle Libre 3
12.07.2026 02:30,"105,0",CamAPS FreeStyle Libre 3
12.07.2026 02:35,"111,0",CamAPS FreeStyle Libre 3
12.07.2026 02:40,"103,0",CamAPS FreeStyle Libre 3
12.07.2026 02:45,"105,0",CamAPS FreeStyle Libre 3
12.07.2026 02:50,"112,0",CamAPS FreeStyle Libre 3
12.07.2026 02:55,"109,0",CamAPS FreeStyle Libre 3
12.07.2026 03:00,"107,0",CamAPS FreeStyle Libre 3
12.07.2026 03:05,"101,0",CamAPS FreeStyle Libre 3
12.07.2026 03:10,"109,0",CamAPS FreeStyle Libre 3
12.07.2026 03:15,"109,0",CamAPS FreeStyle Libre 3
12.07.2026 03:20,"107,0",CamAPS FreeStyle Libre 3
12.07.2026 03:25,"110,0",CamAPS FreeStyle Libre 3
12.07.2026 03:30,"111,0",CamAPS FreeStyle Libre 3
12.07.2026 03:35,"115,0",CamAPS FreeStyle Libre 3
12.07.2026 03:45,"112,0",CamAPS FreeStyle Libre 3
12.07.2026 03:50,"113,0",CamAPS FreeStyle Libre 3
12.07.2026 03:55,"103,0",CamAPS FreeStyle Libre 3
12.07.2026 04:00,"104,0",CamAPS FreeStyle Libre 3
12.07.2026 04:05,"103,0",CamAPS FreeStyle Libre 3
12.07.2026 04:10,"108,0",CamAPS FreeStyle Libre 3
12.07.2026 04:15,"108,0",CamAPS FreeStyle Libre 3
12.07.2026 04:20,"112,0",CamAPS FreeStyle Libre 3
12.07.2026 04:25,"109,0",CamAPS FreeStyle Libre 3
12.07.2026 04:30,"107,0",CamAPS FreeStyle Libre 3
12.07.2026 04:35,"113,0",CamAPS FreeStyle Libre 3
12.07.2026 04:40,"114,0",CamAPS FreeStyle Libre 3
12.07.2026 04:45,"117,0",CamAPS FreeStyle Libre 3
12.07.2026 04:50,"110,0",CamAPS FreeStyle Libre 3
12.07.2026 04:55,"111,0",CamAPS FreeStyle Libre 3
12.07.2026 05:00,"110,0",CamAPS FreeStyle Libre 3
12.07.2026 05:05,"117,0",CamAPS FreeStyle Libre 3
12.07.2026 05:10,"118,0",CamAPS FreeStyle Libre 3
12.07.2026 05:15,"118,0",CamAPS FreeStyle Libre 3
12.07.2026 05:20,"119,0",CamAPS FreeStyle Libre 3
12.07.2026 05:25,"115,0",CamAPS FreeStyle Libre 3
12.07.2026 05:30,"115,0",CamAPS FreeStyle Libre 3
12.07.2026 05:35,"111,0",CamAPS FreeStyle Libre 3
12.07.2026 05:40,"112,0",CamAPS FreeStyle Libre 3
12.07.2026 05:45,"113,0",CamAPS FreeStyle Libre 3
12.07.2026 05:50,"112,0",CamAPS FreeStyle Libre 3
12.07.2026 05:55,"115,0",CamAPS FreeStyle Libre 3
12.07.2026 06:00,"125,0",CamAPS FreeStyle Libre 3
12.07.2026 06:05,"124,0",CamAPS FreeStyle Libre 3
12.07.2026 06:10,"128,0",CamAPS FreeStyle Libre 3
12.07.2026 06:15,"124,0",CamAPS FreeStyle Libre 3
12.07.2026 06:20,"120,0",CamAPS FreeStyle Libre 3
12.07.2026 06:25,"126,0",CamAPS FreeStyle Libre 3
12.07.2026 06:30,"136,0",CamAPS FreeStyle Libre 3
12.07.2026 06:35,"131,0",CamAPS FreeStyle Libre 3
12.07.2026 06:40,"132,0",CamAPS FreeStyle Libre 3
12.07.2026 06:45,"120,0",CamAPS FreeStyle Libre 3
12.07.2026 06:50,"132,0",CamAPS FreeStyle Libre 3
12.07.2026 06:55,"137,0",CamAPS FreeStyle Libre 3
12.07.2026 07:00,"134,0",CamAPS FreeStyle Libre 3
12.07.2026 07:10,"128,0",CamAPS FreeStyle Libre 3
12.07.2026 07:15,"127,0",CamAPS FreeStyle Libre 3
12.07.2026 07:20,"157,0",CamAPS FreeStyle Libre 3
12.07.2026 07:25,"172,0",CamAPS FreeStyle Libre 3
12.07.2026 07:30,"188,0",CamAPS FreeStyle Libre 3
12.07.2026 07:40,"207,0",CamAPS FreeStyle Libre 3
12.07.2026 07:45,"218,0",CamAPS FreeStyle Libre 3
12.07.2026 07:50,"222,0",CamAPS FreeStyle Libre 3
12.07.2026 07:55,"221,0",CamAPS FreeStyle Libre 3
12.07.2026 08:00,"231,0",CamAPS FreeStyle Libre 3
12.07.2026 08:05,"229,0",CamAPS FreeStyle Libre 3
12.07.2026 08:10,"225,0",CamAPS FreeStyle Libre 3
12.07.2026 08:15,"220,0",CamAPS FreeStyle Libre 3
12.07.2026 08:20,"213,0",CamAPS FreeStyle Libre 3
12.07.2026 08:25,"203,0",CamAPS FreeStyle Libre 3
12.07.2026 08:30,"197,0",CamAPS FreeStyle Libre 3
12.07.2026 08:35,"186,0",CamAPS FreeStyle Libre 3
12.07.2026 08:40,"185,0",CamAPS FreeStyle Libre 3
12.07.2026 08:45,"168,0",CamAPS FreeStyle Libre 3
12.07.2026 08:50,"156,0",CamAPS FreeStyle Libre 3
12.07.2026 08:55,"156,0",CamAPS FreeStyle Libre 3
12.07.2026 09:05,"143,0",CamAPS FreeStyle Libre 3
12.07.2026 09:10,"135,0",CamAPS FreeStyle Libre 3
12.07.2026 09:15,"131,0",CamAPS FreeStyle Libre 3
12.07.2026 09:20,"132,0",CamAPS FreeStyle Libre 3
12.07.2026 09:25,"130,0",CamAPS FreeStyle Libre 3
12.07.2026 09:35,"112,0",CamAPS FreeStyle Libre 3
12.07.2026 09:40,"106,0",CamAPS FreeStyle Libre 3
12.07.2026 09:45,"109,0",CamAPS FreeStyle Libre 3
12.07.2026 09:50,"106,0",CamAPS FreeStyle Libre 3
12.07.2026 09:55,"105,0",CamAPS FreeStyle Libre 3
12.07.2026 10:00,"99,0",CamAPS FreeStyle Libre 3
12.07.2026 10:05,"99,0",CamAPS FreeStyle Libre 3
12.07.2026 10:10,"105,0",CamAPS FreeStyle Libre 3
12.07.2026 10:15,"107,0",CamAPS FreeStyle Libre 3
12.07.2026 10:20,"103,0",CamAPS FreeStyle Libre 3
12.07.2026 10:25,"99,0",CamAPS FreeStyle Libre 3
12.07.2026 10:30,"94,0",CamAPS FreeStyle Libre 3
12.07.2026 10:35,"93,0",CamAPS FreeStyle Libre 3
12.07.2026 10:40,"91,0",CamAPS FreeStyle Libre 3
12.07.2026 10:50,"99,0",CamAPS FreeStyle Libre 3
12.07.2026 10:55,"90,0",CamAPS FreeStyle Libre 3
12.07.2026 11:00,"91,0",CamAPS FreeStyle Libre 3
12.07.2026 11:05,"88,0",CamAPS FreeStyle Libre 3
12.07.2026 11:10,"84,0",CamAPS FreeStyle Libre 3
12.07.2026 11:15,"81,0",CamAPS FreeStyle Libre 3
12.07.2026 11:20,"106,0",CamAPS FreeStyle Libre 3
12.07.2026 11:25,"108,0",CamAPS FreeStyle Libre 3
12.07.2026 11:30,"109,0",CamAPS FreeStyle Libre 3
12.07.2026 11:35,"106,0",CamAPS FreeStyle Libre 3
12.07.2026 11:40,"107,0",CamAPS FreeStyle Libre 3
12.07.2026 11:45,"103,0",CamAPS FreeStyle Libre 3
12.07.2026 11:50,"104,0",CamAPS FreeStyle Libre 3
12.07.2026 11:55,"102,0",CamAPS FreeStyle Libre 3
12.07.2026 12:00,"113,0",CamAPS FreeStyle Libre 3
12.07.2026 12:05,"107,0",CamAPS FreeStyle Libre 3
12.07.2026 12:10,"101,0",CamAPS FreeStyle Libre 3
12.07.2026 12:15,"109,0",CamAPS FreeStyle Libre 3
12.07.2026 12:20,"106,0",CamAPS FreeStyle Libre 3
12.07.2026 12:25,"113,0",CamAPS FreeStyle Libre 3
12.07.2026 12:30,"110,0",CamAPS FreeStyle Libre 3
12.07.2026 12:35,"129,0",CamAPS FreeStyle Libre 3
12.07.2026 12:40,"151,0",CamAPS FreeStyle Libre 3
12.07.2026 12:45,"173,0",CamAPS FreeStyle Libre 3
12.07.2026 12:50,"194,0",CamAPS FreeStyle Libre 3
12.07.2026 12:55,"210,0",CamAPS FreeStyle Libre 3
12.07.2026 13:00,"217,0",CamAPS FreeStyle Libre 3
12.07.2026 13:05,"228,0",CamAPS FreeStyle Libre 3
12.07.2026 13:10,"240,0",CamAPS FreeStyle Libre 3
12.07.2026 13:15,"237,0",CamAPS FreeStyle Libre 3
12.07.2026 13:20,"241,0",CamAPS FreeStyle Libre 3
12.07.2026 13:25,"247,0",CamAPS FreeStyle Libre 3
12.07.2026 13:30,"250,0",CamAPS FreeStyle Libre 3
12.07.2026 13:35,"252,0",CamAPS FreeStyle Libre 3
12.07.2026 13:40,"241,0",CamAPS FreeStyle Libre 3
12.07.2026 13:45,"241,0",CamAPS FreeStyle Libre 3
12.07.2026 13:50,"221,0",CamAPS FreeStyle Libre 3
12.07.2026 13:55,"232,0",CamAPS FreeStyle Libre 3
12.07.2026 14:00,"223,0",CamAPS FreeStyle Libre 3
12.07.2026 14:05,"219,0",CamAPS FreeStyle Libre 3
12.07.2026 14:10,"198,0",CamAPS FreeStyle Libre 3
12.07.2026 14:15,"195,0",CamAPS FreeStyle Libre 3
12.07.2026 14:20,"192,0",CamAPS FreeStyle Libre 3
12.07.2026 14:25,"196,0",CamAPS FreeStyle Libre 3
12.07.2026 14:30,"194,0",CamAPS FreeStyle Libre 3
12.07.2026 14:35,"194,0",CamAPS FreeStyle Libre 3
12.07.2026 14:40,"179,0",CamAPS FreeStyle Libre 3
12.07.2026 14:45,"178,0",CamAPS FreeStyle Libre 3
12.07.2026 14:50,"176,0",CamAPS FreeStyle Libre 3
12.07.2026 14:55,"174,0",CamAPS FreeStyle Libre 3
12.07.2026 15:00,"172,0",CamAPS FreeStyle Libre 3
12.07.2026 15:05,"182,0",CamAPS FreeStyle Libre 3
12.07.2026 15:10,"173,0",CamAPS FreeStyle Libre 3
12.07.2026 15:15,"171,0",CamAPS FreeStyle Libre 3
12.07.2026 15:20,"164,0",CamAPS FreeStyle Libre 3
12.07.2026 15:25,"164,0",CamAPS FreeStyle Libre 3
12.07.2026 15:30,"162,0",CamAPS FreeStyle Libre 3
12.07.2026 15:35,"158,0",CamAPS FreeStyle Libre 3
12.07.2026 15:40,"161,0",CamAPS FreeStyle Libre 3
12.07.2026 15:45,"172,0",CamAPS FreeStyle Libre 3
12.07.2026 15:50,"171,0",CamAPS FreeStyle Libre 3
12.07.2026 15:55,"160,0",CamAPS FreeStyle Libre 3
12.07.2026 16:00,"165,0",CamAPS FreeStyle Libre 3
12.07.2026 16:05,"169,0",CamAPS FreeStyle Libre 3
12.07.2026 16:10,"170,0",CamAPS FreeStyle Libre 3
12.07.2026 16:15,"166,0",CamAPS FreeStyle Libre 3
12.07.2026 16:20,"161,0",CamAPS FreeStyle Libre 3
12.07.2026 16:25,"163,0",CamAPS FreeStyle Libre 3
12.07.2026 16:30,"170,0",CamAPS FreeStyle Libre 3
12.07.2026 16:35,"108,0",CamAPS FreeStyle Libre 3
12.07.2026 16:40,"110,0",CamAPS FreeStyle Libre 3
12.07.2026 16:45,"106,0",CamAPS FreeStyle Libre 3
12.07.2026 16:50,"105,0",CamAPS FreeStyle Libre 3
12.07.2026 16:55,"109,0",CamAPS FreeStyle Libre 3
12.07.2026 17:00,"106,0",CamAPS FreeStyle Libre 3
12.07.2026 17:05,"115,0",CamAPS FreeStyle Libre 3
12.07.2026 17:10,"122,0",CamAPS FreeStyle Libre 3
12.07.2026 17:15,"119,0",CamAPS FreeStyle Libre 3
12.07.2026 17:20,"111,0",CamAPS FreeStyle Libre 3
12.07.2026 17:25,"118,0",CamAPS FreeStyle Libre 3
12.07.2026 17:30,"127,0",CamAPS FreeStyle Libre 3
12.07.2026 17:35,"131,0",CamAPS FreeStyle Libre 3
12.07.2026 17:40,"131,0",CamAPS FreeStyle Libre 3
12.07.2026 17:45,"126,0",CamAPS FreeStyle Libre 3
12.07.2026 17:50,"131,0",CamAPS FreeStyle Libre 3
12.07.2026 17:55,"130,0",CamAPS FreeStyle Libre 3
12.07.2026 18:00,"126,0",CamAPS FreeStyle Libre 3
12.07.2026 18:05,"122,0",CamAPS FreeStyle Libre 3
12.07.2026 18:10,"117,0",CamAPS FreeStyle Libre 3
12.07.2026 18:15,"116,0",CamAPS FreeStyle Libre 3
12.07.2026 18:20,"116,0",CamAPS FreeStyle Libre 3
12.07.2026 18:25,"119,0",CamAPS FreeStyle Libre 3
12.07.2026 18:30,"117,0",CamAPS FreeStyle Libre 3
12.07.2026 18:35,"109,0",CamAPS FreeStyle Libre 3
12.07.2026 18:40,"103,0",CamAPS FreeStyle Libre 3
12.07.2026 18:45,"95,0",CamAPS FreeStyle Libre 3
12.07.2026 18:50,"107,0",CamAPS FreeStyle Libre 3
12.07.2026 18:55,"105,0",CamAPS FreeStyle Libre 3
12.07.2026 19:00,"101,0",CamAPS FreeStyle Libre 3
12.07.2026 19:05,"103,0",CamAPS FreeStyle Libre 3
12.07.2026 19:10,"106,0",CamAPS FreeStyle Libre 3
12.07.2026 19:15,"119,0",CamAPS FreeStyle Libre 3
12.07.2026 19:20,"133,0",CamAPS FreeStyle Libre 3
12.07.2026 19:25,"137,0",CamAPS FreeStyle Libre 3
12.07.2026 19:30,"147,0",CamAPS FreeStyle Libre 3
12.07.2026 19:35,"154,0",CamAPS FreeStyle Libre 3
12.07.2026 19:40,"165,0",CamAPS FreeStyle Libre 3
12.07.2026 19:45,"165,0",CamAPS FreeStyle Libre 3
12.07.2026 19:55,"161,0",CamAPS FreeStyle Libre 3
12.07.2026 20:00,"157,0",CamAPS FreeStyle Libre 3
12.07.2026 20:05,"149,0",CamAPS FreeStyle Libre 3
12.07.2026 20:10,"153,0",CamAPS FreeStyle Libre 3
12.07.2026 20:15,"157,0",CamAPS FreeStyle Libre 3
12.07.2026 20:25,"144,0",CamAPS FreeStyle Libre 3
12.07.2026 20:30,"135,0",CamAPS FreeStyle Libre 3
12.07.2026 20:35,"130,0",CamAPS FreeStyle Libre 3
12.07.2026 20:40,"133,0",CamAPS FreeStyle Libre 3
12.07.2026 20:45,"131,0",CamAPS FreeStyle Libre 3
12.07.2026 20:50,"131,0",CamAPS FreeStyle Libre 3
12.07.2026 20:55,"131,0",CamAPS FreeStyle Libre 3
12.07.2026 21:00,"138,0",CamAPS FreeStyle Libre 3
12.07.2026 21:05,"133,0",CamAPS FreeStyle Libre 3
12.07.2026 21:10,"135,0",CamAPS FreeStyle Libre 3
12.07.2026 21:15,"137,0",CamAPS FreeStyle Libre 3
12.07.2026 21:20,"128,0",CamAPS FreeStyle Libre 3
12.07.2026 21:25,"117,0",CamAPS FreeStyle Libre 3
12.07.2026 21:30,"122,0",CamAPS FreeStyle Libre 3
12.07.2026 21:35,"119,0",CamAPS FreeStyle Libre 3
12.07.2026 21:40,"115,0",CamAPS FreeStyle Libre 3
12.07.2026 21:45,"114,0",CamAPS FreeStyle Libre 3
12.07.2026 21:50,"113,0",CamAPS FreeStyle Libre 3
12.07.2026 21:55,"112,0",CamAPS FreeStyle Libre 3
12.07.2026 22:00,"108,0",CamAPS FreeStyle Libre 3
12.07.2026 22:05,"104,0",CamAPS FreeStyle Libre 3
12.07.2026 22:10,"110,0",CamAPS FreeStyle Libre 3
12.07.2026 22:15,"113,0",CamAPS FreeStyle Libre 3
12.07.2026 22:20,"114,0",CamAPS FreeStyle Libre 3
12.07.2026 22:25,"106,0",CamAPS FreeStyle Libre 3
12.07.2026 22:30,"121,0",CamAPS FreeStyle Libre 3
12.07.2026 22:35,"118,0",CamAPS FreeStyle Libre 3
12.07.2026 22:40,"117,0",CamAPS FreeStyle Libre 3
12.07.2026 22:45,"124,0",CamAPS FreeStyle Libre 3
12.07.2026 22:50,"115,0",CamAPS FreeStyle Libre 3
12.07.2026 22:55,"115,0",CamAPS FreeStyle Libre 3
12.07.2026 23:00,"123,0",CamAPS FreeStyle Libre 3
12.07.2026 23:05,"117,0",CamAPS FreeStyle Libre 3
12.07.2026 23:15,"103,0",CamAPS FreeStyle Libre 3
12.07.2026 23:20,"106,0",CamAPS FreeStyle Libre 3
12.07.2026 23:25,"104,0",CamAPS FreeStyle Libre 3
12.07.2026 23:30,"98,0",CamAPS FreeStyle Libre 3
12.07.2026 23:35,"101,0",CamAPS FreeStyle Libre 3
12.07.2026 23:40,"103,0",CamAPS FreeStyle Libre 3
12.07.2026 23:45,"103,0",CamAPS FreeStyle Libre 3
12.07.2026 23:50,"94,0",CamAPS FreeStyle Libre 3
12.07.2026 23:55,"86,0",CamAPS FreeStyle Libre 3
13.07.2026 00:00,"102,0",CamAPS FreeStyle Libre 3
13.07.2026 00:05,"103,0",CamAPS FreeStyle Libre 3
13.07.2026 00:10,"102,0",CamAPS FreeStyle Libre 3
13.07.2026 00:15,"102,0",CamAPS FreeStyle Libre 3
13.07.2026 00:20,"96,0",CamAPS FreeStyle Libre 3
13.07.2026 00:25,"94,0",CamAPS FreeStyle Libre 3
13.07.2026 00:30,"101,0",CamAPS FreeStyle Libre 3
13.07.2026 00:35,"108,0",CamAPS FreeStyle Libre 3
13.07.2026 00:40,"112,0",CamAPS FreeStyle Libre 3
13.07.2026 00:45,"110,0",CamAPS FreeStyle Libre 3
13.07.2026 00:55,"103,0",CamAPS FreeStyle Libre 3
13.07.2026 01:00,"101,0",CamAPS FreeStyle Libre 3
13.07.2026 01:05,"99,0",CamAPS FreeStyle Libre 3
13.07.2026 01:10,"101,0",CamAPS FreeStyle Libre 3
13.07.2026 01:15,"102,0",CamAPS FreeStyle Libre 3
13.07.2026 01:20,"100,0",CamAPS FreeStyle Libre 3
13.07.2026 01:25,"108,0",CamAPS FreeStyle Libre 3
13.07.2026 01:30,"113,0",CamAPS FreeStyle Libre 3
13.07.2026 01:35,"117,0",CamAPS FreeStyle Libre 3
13.07.2026 01:40,"112,0",CamAPS FreeStyle Libre 3
13.07.2026 01:50,"117,0",CamAPS FreeStyle Libre 3
13.07.2026 01:55,"119,0",CamAPS FreeStyle Libre 3
13.07.2026 02:00,"108,0",CamAPS FreeStyle Libre 3
13.07.2026 02:05,"111,0",CamAPS FreeStyle Libre 3
13.07.2026 02:10,"118,0",CamAPS FreeStyle Libre 3
13.07.2026 02:15,"115,0",CamAPS FreeStyle Libre 3
13.07.2026 02:20,"110,0",CamAPS FreeStyle Libre 3
13.07.2026 02:25,"109,0",CamAPS FreeStyle Libre 3
13.07.2026 02:30,"109,0",CamAPS FreeStyle Libre 3
13.07.2026 02:35,"113,0",CamAPS FreeStyle Libre 3
13.07.2026 02:40,"112,0",CamAPS FreeStyle Libre 3
13.07.2026 02:45,"110,0",CamAPS FreeStyle Libre 3
13.07.2026 02:50,"116,0",CamAPS FreeStyle Libre 3
13.07.2026 02:55,"109,0",CamAPS FreeStyle Libre 3
13.07.2026 03:00,"118,0",CamAPS FreeStyle Libre 3
13.07.2026 03:05,"107,0",CamAPS FreeStyle Libre 3
13.07.2026 03:10,"104,0",CamAPS FreeStyle Libre 3
13.07.2026 03:20,"93,0",CamAPS FreeStyle Libre 3
13.07.2026 03:25,"101,0",CamAPS FreeStyle Libre 3
13.07.2026 03:30,"101,0",CamAPS FreeStyle Libre 3
13.07.2026 03:35,"106,0",CamAPS FreeStyle Libre 3
13.07.2026 03:40,"110,0",CamAPS FreeStyle Libre 3
13.07.2026 03:45,"106,0",CamAPS FreeStyle Libre 3
13.07.2026 03:50,"109,0",CamAPS FreeStyle Libre 3
13.07.2026 03:55,"104,0",CamAPS FreeStyle Libre 3
13.07.2026 04:00,"111,0",CamAPS FreeStyle Libre 3
13.07.2026 04:05,"122,0",CamAPS FreeStyle Libre 3
13.07.2026 04:10,"116,0",CamAPS FreeStyle Libre 3
13.07.2026 04:15,"117,0",CamAPS FreeStyle Libre 3
13.07.2026 04:20,"120,0",CamAPS FreeStyle Libre 3
13.07.2026 04:25,"120,0",CamAPS FreeStyle Libre 3
13.07.2026 04:30,"127,0",CamAPS FreeStyle Libre 3
13.07.2026 04:35,"130,0",CamAPS FreeStyle Libre 3
13.07.2026 04:40,"130,0",CamAPS FreeStyle Libre 3
13.07.2026 04:45,"132,0",CamAPS FreeStyle Libre 3
13.07.2026 04:50,"126,0",CamAPS FreeStyle Libre 3
13.07.2026 05:00,"121,0",CamAPS FreeStyle Libre 3
13.07.2026 05:05,"124,0",CamAPS FreeStyle Libre 3
13.07.2026 05:10,"124,0",CamAPS FreeStyle Libre 3
13.07.2026 05:15,"130,0",CamAPS FreeStyle Libre 3
13.07.2026 05:20,"134,0",CamAPS FreeStyle Libre 3
13.07.2026 05:25,"134,0",CamAPS FreeStyle Libre 3
13.07.2026 05:30,"136,0",CamAPS FreeStyle Libre 3
13.07.2026 05:35,"136,0",CamAPS FreeStyle Libre 3
13.07.2026 05:40,"139,0",CamAPS FreeStyle Libre 3
13.07.2026 05:45,"136,0",CamAPS FreeStyle Libre 3
13.07.2026 05:50,"130,0",CamAPS FreeStyle Libre 3
13.07.2026 05:55,"129,0",CamAPS FreeStyle Libre 3
13.07.2026 06:00,"135,0",CamAPS FreeStyle Libre 3
13.07.2026 06:05,"135,0",CamAPS FreeStyle Libre 3
13.07.2026 06:10,"134,0",CamAPS FreeStyle Libre 3
13.07.2026 06:15,"130,0",CamAPS FreeStyle Libre 3
13.07.2026 06:20,"128,0",CamAPS FreeStyle Libre 3
13.07.2026 06:25,"134,0",CamAPS FreeStyle Libre 3
13.07.2026 06:35,"137,0",CamAPS FreeStyle Libre 3
13.07.2026 06:40,"134,0",CamAPS FreeStyle Libre 3
13.07.2026 06:45,"131,0",CamAPS FreeStyle Libre 3
13.07.2026 06:50,"130,0",CamAPS FreeStyle Libre 3
13.07.2026 06:55,"122,0",CamAPS FreeStyle Libre 3
13.07.2026 07:00,"125,0",CamAPS FreeStyle Libre 3
13.07.2026 07:05,"120,0",CamAPS FreeStyle Libre 3
13.07.2026 07:10,"117,0",CamAPS FreeStyle Libre 3
13.07.2026 07:15,"116,0",CamAPS FreeStyle Libre 3
13.07.2026 07:20,"108,0",CamAPS FreeStyle Libre 3
13.07.2026 07:25,"108,0",CamAPS FreeStyle Libre 3
13.07.2026 07:30,"109,0",CamAPS FreeStyle Libre 3
13.07.2026 07:35,"114,0",CamAPS FreeStyle Libre 3
13.07.2026 07:40,"111,0",CamAPS FreeStyle Libre 3
13.07.2026 07:45,"130,0",CamAPS FreeStyle Libre 3
13.07.2026 07:50,"151,0",CamAPS FreeStyle Libre 3
13.07.2026 07:55,"175,0",CamAPS FreeStyle Libre 3
13.07.2026 08:00,"195,0",CamAPS FreeStyle Libre 3
13.07.2026 08:05,"206,0",CamAPS FreeStyle Libre 3
13.07.2026 08:10,"213,0",CamAPS FreeStyle Libre 3
13.07.2026 08:15,"216,0",CamAPS FreeStyle Libre 3
13.07.2026 08:20,"226,0",CamAPS FreeStyle Libre 3
13.07.2026 08:25,"228,0",CamAPS FreeStyle Libre 3
13.07.2026 08:30,"231,0",CamAPS FreeStyle Libre 3
13.07.2026 08:35,"223,0",CamAPS FreeStyle Libre 3
13.07.2026 08:40,"205,0",CamAPS FreeStyle Libre 3
13.07.2026 08:45,"196,0",CamAPS FreeStyle Libre 3
13.07.2026 08:50,"191,0",CamAPS FreeStyle Libre 3
13.07.2026 08:55,"180,0",CamAPS FreeStyle Libre 3
13.07.2026 09:00,"173,0",CamAPS FreeStyle Libre 3
13.07.2026 09:05,"170,0",CamAPS FreeStyle Libre 3
13.07.2026 09:10,"169,0",CamAPS FreeStyle Libre 3
13.07.2026 09:15,"161,0",CamAPS FreeStyle Libre 3
13.07.2026 09:20,"149,0",CamAPS FreeStyle Libre 3
13.07.2026 09:25,"138,0",CamAPS FreeStyle Libre 3
13.07.2026 09:35,"130,0",CamAPS FreeStyle Libre 3
13.07.2026 09:40,"132,0",CamAPS FreeStyle Libre 3
13.07.2026 09:45,"120,0",CamAPS FreeStyle Libre 3
13.07.2026 09:50,"119,0",CamAPS FreeStyle Libre 3
13.07.2026 09:55,"113,0",CamAPS FreeStyle Libre 3
13.07.2026 10:00,"118,0",CamAPS FreeStyle Libre 3
13.07.2026 10:05,"109,0",CamAPS FreeStyle Libre 3
13.07.2026 10:10,"104,0",CamAPS FreeStyle Libre 3
13.07.2026 10:15,"102,0",CamAPS FreeStyle Libre 3
13.07.2026 10:20,"107,0",CamAPS FreeStyle Libre 3
13.07.2026 10:25,"96,0",CamAPS FreeStyle Libre 3
13.07.2026 10:30,"101,0",CamAPS FreeStyle Libre 3
13.07.2026 10:35,"100,0",CamAPS FreeStyle Libre 3
13.07.2026 10:40,"104,0",CamAPS FreeStyle Libre 3
13.07.2026 10:45,"106,0",CamAPS FreeStyle Libre 3
13.07.2026 10:50,"105,0",CamAPS FreeStyle Libre 3
13.07.2026 10:55,"102,0",CamAPS FreeStyle Libre 3
13.07.2026 11:00,"104,0",CamAPS FreeStyle Libre 3
13.07.2026 11:05,"101,0",CamAPS FreeStyle Libre 3
13.07.2026 11:10,"101,0",CamAPS FreeStyle Libre 3
13.07.2026 11:15,"95,0",CamAPS FreeStyle Libre 3
13.07.2026 11:20,"89,0",CamAPS FreeStyle Libre 3
13.07.2026 11:25,"94,0",CamAPS FreeStyle Libre 3
13.07.2026 11:30,"95,0",CamAPS FreeStyle Libre 3
13.07.2026 11:35,"83,0",CamAPS FreeStyle Libre 3
13.07.2026 11:40,"84,0",CamAPS FreeStyle Libre 3
13.07.2026 11:45,"112,0",CamAPS FreeStyle Libre 3
13.07.2026 11:50,"110,0",CamAPS FreeStyle Libre 3
13.07.2026 11:55,"119,0",CamAPS FreeStyle Libre 3
13.07.2026 12:00,"116,0",CamAPS FreeStyle Libre 3
13.07.2026 12:05,"109,0",CamAPS FreeStyle Libre 3
13.07.2026 12:10,"103,0",CamAPS FreeStyle Libre 3
13.07.2026 12:15,"96,0",CamAPS FreeStyle Libre 3
13.07.2026 12:20,"100,0",CamAPS FreeStyle Libre 3
13.07.2026 12:25,"100,0",CamAPS FreeStyle Libre 3
13.07.2026 12:30,"101,0",CamAPS FreeStyle Libre 3
13.07.2026 12:35,"98,0",CamAPS FreeStyle Libre 3
13.07.2026 12:40,"102,0",CamAPS FreeStyle Libre 3
13.07.2026 12:50,"100,0",CamAPS FreeStyle Libre 3
13.07.2026 12:55,"130,0",CamAPS FreeStyle Libre 3
13.07.2026 13:00,"167,0",CamAPS FreeStyle Libre 3
13.07.2026 13:05,"183,0",CamAPS FreeStyle Libre 3
13.07.2026 13:10,"211,0",CamAPS FreeStyle Libre 3
13.07.2026 13:15,"223,0",CamAPS FreeStyle Libre 3
13.07.2026 13:20,"238,0",CamAPS FreeStyle Libre 3
13.07.2026 13:25,"248,0",CamAPS FreeStyle Libre 3
13.07.2026 13:30,"253,0",CamAPS FreeStyle Libre 3
13.07.2026 13:35,"257,0",CamAPS FreeStyle Libre 3
13.07.2026 13:40,"268,0",CamAPS FreeStyle Libre 3
13.07.2026 13:45,"273,0",CamAPS FreeStyle Libre 3
13.07.2026 13:55,"276,0",CamAPS FreeStyle Libre 3
13.07.2026 14:00,"260,0",CamAPS FreeStyle Libre 3
13.07.2026 14:05,"257,0",CamAPS FreeStyle Libre 3
13.07.2026 14:10,"249,0",CamAPS FreeStyle Libre 3
13.07.2026 14:15,"241,0",CamAPS FreeStyle Libre 3
13.07.2026 14:20,"232,0",CamAPS FreeStyle Libre 3
13.07.2026 14:25,"226,0",CamAPS FreeStyle Libre 3
13.07.2026 14:30,"224,0",CamAPS FreeStyle Libre 3
13.07.2026 14:35,"226,0",CamAPS FreeStyle Libre 3
13.07.2026 14:40,"221,0",CamAPS FreeStyle Libre 3
13.07.2026 14:45,"224,0",CamAPS FreeStyle Libre 3
13.07.2026 14:50,"222,0",CamAPS FreeStyle Libre 3
13.07.2026 14:55,"222,0",CamAPS FreeStyle Libre 3
13.07.2026 15:00,"217,0",CamAPS FreeStyle Libre 3
13.07.2026 15:05,"222,0",CamAPS FreeStyle Libre 3
13.07.2026 15:10,"225,0",CamAPS FreeStyle Libre 3
13.07.2026 15:15,"213,0",CamAPS FreeStyle Libre 3
13.07.2026 15:20,"210,0",CamAPS FreeStyle Libre 3
13.07.2026 15:25,"213,0",CamAPS FreeStyle Libre 3
13.07.2026 15:30,"213,0",CamAPS FreeStyle Libre 3
13.07.2026 15:35,"201,0",CamAPS FreeStyle Libre 3
13.07.2026 15:40,"202,0",CamAPS FreeStyle Libre 3
13.07.2026 15:45,"209,0",CamAPS FreeStyle Libre 3
13.07.2026 15:55,"213,0",CamAPS FreeStyle Libre 3
13.07.2026 16:00,"214,0",CamAPS FreeStyle Libre 3
13.07.2026 16:05,"224,0",CamAPS FreeStyle Libre 3
13.07.2026 16:10,"219,0",CamAPS FreeStyle Libre 3
13.07.2026 16:15,"230,0",CamAPS FreeStyle Libre 3
13.07.2026 16:20,"227,0",CamAPS FreeStyle Libre 3
13.07.2026 16:25,"221,0",CamAPS FreeStyle Libre 3
13.07.2026 16:35,"211,0",CamAPS FreeStyle Libre 3
13.07.2026 16:40,"219,0",CamAPS FreeStyle Libre 3
13.07.2026 16:45,"223,0",CamAPS FreeStyle Libre 3
13.07.2026 16:50,"234,0",CamAPS FreeStyle Libre 3
13.07.2026 16:55,"113,0",CamAPS FreeStyle Libre 3
13.07.2026 17:00,"103,0",CamAPS FreeStyle Libre 3
13.07.2026 17:05,"107,0",CamAPS FreeStyle Libre 3
13.07.2026 17:10,"102,0",CamAPS FreeStyle Libre 3
13.07.2026 17:15,"100,0",CamAPS FreeStyle Libre 3
13.07.2026 17:25,"105,0",CamAPS FreeStyle Libre 3
13.07.2026 17:30,"104,0",CamAPS FreeStyle Libre 3
13.07.2026 17:35,"104,0",CamAPS FreeStyle Libre 3
13.07.2026 17:40,"100,0",CamAPS FreeStyle Libre 3
13.07.2026 17:45,"102,0",CamAPS FreeStyle Libre 3
13.07.2026 17:50,"104,0",CamAPS FreeStyle Libre 3
13.07.2026 17:55,"98,0",CamAPS FreeStyle Libre 3
13.07.2026 18:00,"101,0",CamAPS FreeStyle Libre 3
13.07.2026 18:05,"96,0",CamAPS FreeStyle Libre 3
13.07.2026 18:15,"111,0",CamAPS FreeStyle Libre 3
13.07.2026 18:20,"98,0",CamAPS FreeStyle Libre 3
13.07.2026 18:25,"99,0",CamAPS FreeStyle Libre 3
13.07.2026 18:30,"117,0",CamAPS FreeStyle Libre 3
13.07.2026 18:35,"139,0",CamAPS FreeStyle Libre 3
13.07.2026 18:40,"158,0",CamAPS FreeStyle Libre 3
13.07.2026 18:45,"175,0",CamAPS FreeStyle Libre 3
13.07.2026 18:50,"183,0",CamAPS FreeStyle Libre 3
13.07.2026 18:55,"193,0",CamAPS FreeStyle Libre 3
13.07.2026 19:00,"206,0",CamAPS FreeStyle Libre 3
13.07.2026 19:05,"215,0",CamAPS FreeStyle Libre 3
13.07.2026 19:10,"223,0",CamAPS FreeStyle Libre 3
13.07.2026 19:15,"228,0",CamAPS FreeStyle Libre 3
13.07.2026 19:25,"218,0",CamAPS FreeStyle Libre 3
13.07.2026 19:30,"198,0",CamAPS FreeStyle Libre 3
13.07.2026 19:35,"191,0",CamAPS FreeStyle Libre 3
13.07.2026 19:45,"179,0",CamAPS FreeStyle Libre 3
13.07.2026 19:50,"182,0",CamAPS FreeStyle Libre 3
13.07.2026 19:55,"172,0",CamAPS FreeStyle Libre 3
13.07.2026 20:00,"162,0",CamAPS FreeStyle Libre 3
13.07.2026 20:05,"160,0",CamAPS FreeStyle Libre 3
13.07.2026 20:10,"156,0",CamAPS FreeStyle Libre 3
13.07.2026 20:15,"159,0",CamAPS FreeStyle Libre 3
13.07.2026 20:20,"148,0",CamAPS FreeStyle Libre 3
13.07.2026 20:25,"140,0",CamAPS FreeStyle Libre 3
13.07.2026 20:30,"140,0",CamAPS FreeStyle Libre 3
13.07.2026 20:35,"141,0",CamAPS FreeStyle Libre 3
13.07.2026 20:40,"138,0",CamAPS FreeStyle Libre 3
13.07.2026 20:45,"143,0",CamAPS FreeStyle Libre 3
13.07.2026 20:50,"143,0",CamAPS FreeStyle Libre 3
13.07.2026 20:55,"128,0",CamAPS FreeStyle Libre 3
13.07.2026 21:00,"127,0",CamAPS FreeStyle Libre 3
13.07.2026 21:10,"122,0",CamAPS FreeStyle Libre 3
13.07.2026 21:15,"126,0",CamAPS FreeStyle Libre 3
13.07.2026 21:20,"118,0",CamAPS FreeStyle Libre 3
13.07.2026 21:25,"119,0",CamAPS FreeStyle Libre 3
13.07.2026 21:30,"128,0",CamAPS FreeStyle Libre 3
13.07.2026 21:35,"127,0",CamAPS FreeStyle Libre 3
13.07.2026 21:40,"113,0",CamAPS FreeStyle Libre 3
13.07.2026 21:45,"117,0",CamAPS FreeStyle Libre 3
13.07.2026 21:50,"107,0",CamAPS FreeStyle Libre 3
13.07.2026 21:55,"104,0",CamAPS FreeStyle Libre 3
13.07.2026 22:00,"106,0",CamAPS FreeStyle Libre 3
13.07.2026 22:05,"106,0",CamAPS FreeStyle Libre 3
13.07.2026 22:10,"106,0",CamAPS FreeStyle Libre 3
13.07.2026 22:15,"107,0",CamAPS FreeStyle Libre 3
13.07.2026 22:20,"113,0",CamAPS FreeStyle Libre 3
13.07.2026 22:25,"122,0",CamAPS FreeStyle Libre 3
13.07.2026 22:30,"109,0",CamAPS FreeStyle Libre 3
13.07.2026 22:35,"104,0",CamAPS FreeStyle Libre 3
13.07.2026 22:45,"100,0",CamAPS FreeStyle Libre 3
13.07.2026 22:50,"93,0",CamAPS FreeStyle Libre 3
13.07.2026 22:55,"93,0",CamAPS FreeStyle Libre 3
13.07.2026 23:00,"87,0",CamAPS FreeStyle Libre 3
13.07.2026 23:05,"96,0",CamAPS FreeStyle Libre 3
13.07.2026 23:10,"97,0",CamAPS FreeStyle Libre 3
13.07.2026 23:15,"102,0",CamAPS FreeStyle Libre 3
13.07.2026 23:20,"94,0",CamAPS FreeStyle Libre 3
13.07.2026 23:25,"95,0",CamAPS FreeStyle Libre 3
13.07.2026 23:30,"94,0",CamAPS FreeStyle Libre 3
13.07.2026 23:35,"98,0",CamAPS FreeStyle Libre 3
13.07.2026 23:40,"103,0",CamAPS FreeStyle Libre 3
13.07.2026 23:45,"103,0",CamAPS FreeStyle Libre 3
13.07.2026 23:50,"101,0",CamAPS FreeStyle Libre 3
13.07.2026 23:55,"108,0",CamAPS FreeStyle Libre 3
14.07.2026 00:00,"107,0",CamAPS FreeStyle Libre 3
14.07.2026 00:05,"113,0",CamAPS FreeStyle Libre 3
14.07.2026 00:10,"107,0",CamAPS FreeStyle Libre 3
14.07.2026 00:15,"102,0",CamAPS FreeStyle Libre 3
14.07.2026 00:20,"109,0",CamAPS FreeStyle Libre 3
14.07.2026 00:25,"115,0",CamAPS FreeStyle Libre 3
14.07.2026 00:30,"101,0",CamAPS FreeStyle Libre 3
14.07.2026 00:35,"101,0",CamAPS FreeStyle Libre 3
14.07.2026 00:40,"101,0",CamAPS FreeStyle Libre 3
14.07.2026 00:45,"97,0",CamAPS FreeStyle Libre 3
14.07.2026 00:50,"93,0",CamAPS FreeStyle Libre 3
14.07.2026 01:00,"103,0",CamAPS FreeStyle Libre 3
14.07.2026 01:05,"109,0",CamAPS FreeStyle Libre 3
14.07.2026 01:10,"112,0",CamAPS FreeStyle Libre 3
14.07.2026 01:15,"115,0",CamAPS FreeStyle Libre 3
14.07.2026 01:20,"118,0",CamAPS FreeStyle Libre 3
14.07.2026 01:25,"110,0",CamAPS FreeStyle Libre 3
14.07.2026 01:30,"98,0",CamAPS FreeStyle Libre 3
14.07.2026 01:35,"98,0",CamAPS FreeStyle Libre 3
14.07.2026 01:40,"98,0",CamAPS FreeStyle Libre 3
14.07.2026 01:45,"108,0",CamAPS FreeStyle Libre 3
14.07.2026 01:50,"107,0",CamAPS FreeStyle Libre 3
14.07.2026 01:55,"104,0",CamAPS FreeStyle Libre 3
14.07.2026 02:00,"107,0",CamAPS FreeStyle Libre 3
14.07.2026 02:05,"106,0",CamAPS FreeStyle Libre 3
14.07.2026 02:10,"107,0",CamAPS FreeStyle Libre 3
14.07.2026 02:15,"111,0",CamAPS FreeStyle Libre 3
14.07.2026 02:20,"116,0",CamAPS FreeStyle Libre 3
14.07.2026 02:25,"118,0",CamAPS FreeStyle Libre 3
14.07.2026 02:30,"109,0",CamAPS FreeStyle Libre 3
14.07.2026 02:35,"114,0",CamAPS FreeStyle Libre 3
14.07.2026 02:40,"107,0",CamAPS FreeStyle Libre 3
14.07.2026 02:50,"111,0",CamAPS FreeStyle Libre 3
14.07.2026 02:55,"110,0",CamAPS FreeStyle Libre 3
14.07.2026 03:00,"112,0",CamAPS FreeStyle Libre 3
14.07.2026 03:05,"107,0",CamAPS FreeStyle Libre 3
14.07.2026 03:10,"111,0",CamAPS FreeStyle Libre 3
14.07.2026 03:15,"117,0",CamAPS FreeStyle Libre 3
14.07.2026 03:20,"114,0",CamAPS FreeStyle Libre 3
14.07.2026 03:25,"108,0",CamAPS FreeStyle Libre 3
14.07.2026 03:30,"111,0",CamAPS FreeStyle Libre 3
14.07.2026 03:35,"110,0",CamAPS FreeStyle Libre 3
14.07.2026 03:40,"108,0",CamAPS FreeStyle Libre 3
14.07.2026 03:45,"116,0",CamAPS FreeStyle Libre 3
14.07.2026 03:50,"119,0",CamAPS FreeStyle Libre 3
14.07.2026 03:55,"127,0",CamAPS FreeStyle Libre 3
14.07.2026 04:00,"123,0",CamAPS FreeStyle Libre 3
14.07.2026 04:05,"120,0",CamAPS FreeStyle Libre 3
14.07.2026 04:10,"112,0",CamAPS FreeStyle Libre 3
14.07.2026 04:15,"112,0",CamAPS FreeStyle Libre 3
14.07.2026 04:20,"119,0",CamAPS FreeStyle Libre 3
14.07.2026 04:25,"121,0",CamAPS FreeStyle Libre 3
14.07.2026 04:30,"128,0",CamAPS FreeStyle Libre 3
14.07.2026 04:35,"134,0",CamAPS FreeStyle Libre 3
14.07.2026 04:40,"129,0",CamAPS FreeStyle Libre 3
14.07.2026 04:45,"133,0",CamAPS FreeStyle Libre 3
14.07.2026 04:50,"130,0",CamAPS FreeStyle Libre 3
14.07.2026 04:55,"134,0",CamAPS FreeStyle Libre 3
14.07.2026 05:00,"137,0",CamAPS FreeStyle Libre 3
14.07.2026 05:05,"137,0",CamAPS FreeStyle Libre 3
14.07.2026 05:10,"142,0",CamAPS FreeStyle Libre 3
14.07.2026 05:15,"139,0",CamAPS FreeStyle Libre 3
14.07.2026 05:20,"144,0",CamAPS FreeStyle Libre 3
14.07.2026 05:25,"143,0",CamAPS FreeStyle Libre 3
14.07.2026 05:30,"146,0",CamAPS FreeStyle Libre 3
14.07.2026 05:35,"135,0",CamAPS FreeStyle Libre 3
14.07.2026 05:40,"130,0",CamAPS FreeStyle Libre 3
14.07.2026 05:45,"137,0",CamAPS FreeStyle Libre 3
14.07.2026 05:50,"139,0",CamAPS FreeStyle Libre 3
14.07.2026 05:55,"139,0",CamAPS FreeStyle Libre 3
14.07.2026 06:00,"138,0",CamAPS FreeStyle Libre 3
14.07.2026 06:05,"137,0",CamAPS FreeStyle Libre 3
14.07.2026 06:10,"137,0",CamAPS FreeStyle Libre 3
14.07.2026 06:15,"139,0",CamAPS FreeStyle Libre 3
14.07.2026 06:20,"140,0",CamAPS FreeStyle Libre 3
14.07.2026 06:25,"131,0",CamAPS FreeStyle Libre 3
14.07.2026 06:30,"132,0",CamAPS FreeStyle Libre 3
14.07.2026 06:35,"136,0",CamAPS FreeStyle Libre 3
14.07.2026 06:40,"137,0",CamAPS FreeStyle Libre 3
14.07.2026 06:45,"132,0",CamAPS FreeStyle Libre 3
14.07.2026 06:50,"133,0",CamAPS FreeStyle Libre 3
14.07.2026 06:55,"126,0",CamAPS FreeStyle Libre 3
14.07.2026 07:00,"120,0",CamAPS FreeStyle Libre 3
14.07.2026 07:05,"113,0",CamAPS FreeStyle Libre 3
14.07.2026 07:10,"117,0",CamAPS FreeStyle Libre 3
14.07.2026 07:15,"117,0",CamAPS FreeStyle Libre 3
14.07.2026 07:20,"152,0",CamAPS FreeStyle Libre 3
14.07.2026 07:25,"187,0",CamAPS FreeStyle Libre 3
14.07.2026 07:30,"211,0",CamAPS FreeStyle Libre 3
14.07.2026 07:40,"241,0",CamAPS FreeStyle Libre 3
14.07.2026 07:45,"255,0",CamAPS FreeStyle Libre 3
14.07.2026 07:50,"267,0",CamAPS FreeStyle Libre 3
14.07.2026 07:55,"281,0",CamAPS FreeStyle Libre 3
14.07.2026 08:00,"280,0",CamAPS FreeStyle Libre 3
14.07.2026 08:05,"280,0",CamAPS FreeStyle Libre 3
14.07.2026 08:10,"275,0",CamAPS FreeStyle Libre 3
14.07.2026 08:15,"271,0",CamAPS FreeStyle Libre 3
14.07.2026 08:20,"263,0",CamAPS FreeStyle Libre 3
14.07.2026 08:30,"249,0",CamAPS FreeStyle Libre 3
14.07.2026 08:35,"245,0",CamAPS FreeStyle Libre 3
14.07.2026 08:40,"226,0",CamAPS FreeStyle Libre 3
14.07.2026 08:45,"227,0",CamAPS FreeStyle Libre 3
14.07.2026 08:50,"211,0",CamAPS FreeStyle Libre 3
14.07.2026 08:55,"200,0",CamAPS FreeStyle Libre 3
14.07.2026 09:00,"191,0",CamAPS FreeStyle Libre 3
14.07.2026 09:05,"190,0",CamAPS FreeStyle Libre 3
14.07.2026 09:10,"170,0",CamAPS FreeStyle Libre 3
14.07.2026 09:15,"162,0",CamAPS FreeStyle Libre 3
14.07.2026 09:20,"156,0",CamAPS FreeStyle Libre 3
14.07.2026 09:25,"160,0",CamAPS FreeStyle Libre 3
14.07.2026 09:30,"154,0",CamAPS FreeStyle Libre 3
14.07.2026 09:35,"158,0",CamAPS FreeStyle Libre 3
14.07.2026 09:40,"150,0",CamAPS FreeStyle Libre 3
14.07.2026 09:50,"139,0",CamAPS FreeStyle Libre 3
14.07.2026 09:55,"140,0",CamAPS FreeStyle Libre 3
14.07.2026 10:00,"140,0",CamAPS FreeStyle Libre 3
14.07.2026 10:10,"133,0",CamAPS FreeStyle Libre 3
14.07.2026 10:15,"138,0",CamAPS FreeStyle Libre 3
14.07.2026 10:20,"125,0",CamAPS FreeStyle Libre 3
14.07.2026 10:25,"130,0",CamAPS FreeStyle Libre 3
14.07.2026 10:30,"120,0",CamAPS FreeStyle Libre 3
14.07.2026 10:35,"116,0",CamAPS FreeStyle Libre 3
14.07.2026 10:40,"121,0",CamAPS FreeStyle Libre 3
14.07.2026 10:45,"117,0",CamAPS FreeStyle Libre 3
14.07.2026 10:50,"123,0",CamAPS FreeStyle Libre 3
14.07.2026 10:55,"124,0",CamAPS FreeStyle Libre 3
14.07.2026 11:00,"120,0",CamAPS FreeStyle Libre 3
14.07.2026 11:05,"121,0",CamAPS FreeStyle Libre 3
14.07.2026 11:10,"117,0",CamAPS FreeStyle Libre 3
14.07.2026 11:15,"119,0",CamAPS FreeStyle Libre 3
14.07.2026 11:25,"130,0",CamAPS FreeStyle Libre 3
14.07.2026 11:30,"118,0",CamAPS FreeStyle Libre 3
14.07.2026 11:35,"121,0",CamAPS FreeStyle Libre 3
14.07.2026 11:40,"119,0",CamAPS FreeStyle Libre 3
14.07.2026 11:45,"118,0",CamAPS FreeStyle Libre 3
14.07.2026 11:50,"119,0",CamAPS FreeStyle Libre 3
14.07.2026 11:55,"120,0",CamAPS FreeStyle Libre 3
14.07.2026 12:00,"156,0",CamAPS FreeStyle Libre 3
14.07.2026 12:05,"179,0",CamAPS FreeStyle Libre 3
14.07.2026 12:10,"199,0",CamAPS FreeStyle Libre 3
14.07.2026 12:20,"227,0",CamAPS FreeStyle Libre 3
14.07.2026 12:25,"235,0",CamAPS FreeStyle Libre 3
14.07.2026 12:30,"248,0",CamAPS FreeStyle Libre 3
14.07.2026 12:35,"253,0",CamAPS FreeStyle Libre 3
14.07.2026 12:40,"256,0",CamAPS FreeStyle Libre 3
14.07.2026 12:45,"264,0",CamAPS FreeStyle Libre 3
14.07.2026 12:50,"263,0",CamAPS FreeStyle Libre 3
14.07.2026 12:55,"251,0",CamAPS FreeStyle Libre 3
14.07.2026 13:00,"242,0",CamAPS FreeStyle Libre 3
14.07.2026 13:05,"232,0",CamAPS FreeStyle Libre 3
14.07.2026 13:10,"235,0",CamAPS FreeStyle Libre 3
14.07.2026 13:15,"224,0",CamAPS FreeStyle Libre 3
14.07.2026 13:20,"211,0",CamAPS FreeStyle Libre 3
14.07.2026 13:25,"210,0",CamAPS FreeStyle Libre 3
14.07.2026 13:30,"209,0",CamAPS FreeStyle Libre 3
14.07.2026 13:35,"206,0",CamAPS FreeStyle Libre 3
14.07.2026 13:40,"200,0",CamAPS FreeStyle Libre 3
14.07.2026 13:50,"190,0",CamAPS FreeStyle Libre 3
14.07.2026 13:55,"184,0",CamAPS FreeStyle Libre 3
14.07.2026 14:00,"182,0",CamAPS FreeStyle Libre 3
14.07.2026 14:05,"183,0",CamAPS FreeStyle Libre 3
14.07.2026 14:10,"180,0",CamAPS FreeStyle Libre 3
14.07.2026 14:15,"172,0",CamAPS FreeStyle Libre 3
14.07.2026 14:20,"170,0",CamAPS FreeStyle Libre 3
14.07.2026 14:25,"177,0",CamAPS FreeStyle Libre 3
14.07.2026 14:30,"176,0",CamAPS FreeStyle Libre 3
14.07.2026 14:35,"168,0",CamAPS FreeStyle Libre 3
14.07.2026 14:40,"168,0",CamAPS FreeStyle Libre 3
14.07.2026 14:45,"174,0",CamAPS FreeStyle Libre 3
14.07.2026 14:50,"174,0",CamAPS FreeStyle Libre 3
14.07.2026 14:55,"172,0",CamAPS FreeStyle Libre 3
14.07.2026 15:00,"177,0",CamAPS FreeStyle Libre 3
14.07.2026 15:05,"179,0",CamAPS FreeStyle Libre 3
14.07.2026 15:10,"177,0",CamAPS FreeStyle Libre 3
14.07.2026 15:15,"172,0",CamAPS FreeStyle Libre 3
14.07.2026 15:20,"174,0",CamAPS FreeStyle Libre 3
14.07.2026 15:25,"171,0",CamAPS FreeStyle Libre 3
14.07.2026 15:30,"162,0",CamAPS FreeStyle Libre 3
14.07.2026 15:35,"160,0",CamAPS FreeStyle Libre 3
14.07.2026 15:40,"168,0",CamAPS FreeStyle Libre 3
14.07.2026 15:50,"172,0",CamAPS FreeStyle Libre 3
14.07.2026 15:55,"107,0",CamAPS FreeStyle Libre 3
14.07.2026 16:00,"110,0",CamAPS FreeStyle Libre 3
14.07.2026 16:05,"114,0",CamAPS FreeStyle Libre 3
14.07.2026 16:10,"119,0",CamAPS FreeStyle Libre 3
14.07.2026 16:15,"116,0",CamAPS FreeStyle Libre 3
14.07.2026 16:20,"109,0",CamAPS FreeStyle Libre 3
14.07.2026 16:25,"110,0",CamAPS FreeStyle Libre 3
14.07.2026 16:30,"101,0",CamAPS FreeStyle Libre 3
14.07.2026 16:35,"107,0",CamAPS FreeStyle Libre 3
14.07.2026 16:40,"111,0",CamAPS FreeStyle Libre 3
14.07.2026 16:45,"102,0",CamAPS FreeStyle Libre 3
14.07.2026 16:50,"96,0",CamAPS FreeStyle Libre 3
14.07.2026 16:55,"104,0",CamAPS FreeStyle Libre 3
14.07.2026 17:00,"112,0",CamAPS FreeStyle Libre 3
14.07.2026 17:05,"120,0",CamAPS FreeStyle Libre 3
14.07.2026 17:10,"125,0",CamAPS FreeStyle Libre 3
14.07.2026 17:15,"136,0",CamAPS FreeStyle Libre 3
14.07.2026 17:20,"136,0",CamAPS FreeStyle Libre 3
14.07.2026 17:25,"149,0",CamAPS FreeStyle Libre 3
14.07.2026 17:30,"147,0",CamAPS FreeStyle Libre 3
14.07.2026 17:35,"144,0",CamAPS FreeStyle Libre 3
14.07.2026 17:40,"148,0",CamAPS FreeStyle Libre 3
14.07.2026 17:45,"142,0",CamAPS FreeStyle Libre 3
14.07.2026 17:50,"138,0",CamAPS FreeStyle Libre 3
14.07.2026 17:55,"137,0",CamAPS FreeStyle Libre 3
14.07.2026 18:00,"134,0",CamAPS FreeStyle Libre 3
14.07.2026 18:05,"134,0",CamAPS FreeStyle Libre 3
14.07.2026 18:10,"122,0",CamAPS FreeStyle Libre 3
14.07.2026 18:15,"123,0",CamAPS FreeStyle Libre 3
14.07.2026 18:20,"129,0",CamAPS FreeStyle Libre 3
14.07.2026 18:25,"135,0",CamAPS FreeStyle Libre 3
14.07.2026 18:30,"127,0",CamAPS FreeStyle Libre 3
14.07.2026 18:35,"124,0",CamAPS FreeStyle Libre 3
14.07.2026 18:40,"120,0",CamAPS FreeStyle Libre 3
14.07.2026 18:45,"113,0",CamAPS FreeStyle Libre 3
14.07.2026 18:50,"120,0",CamAPS FreeStyle Libre 3
14.07.2026 18:55,"111,0",CamAPS FreeStyle Libre 3
14.07.2026 19:00,"105,0",CamAPS FreeStyle Libre 3
14.07.2026 19:05,"106,0",CamAPS FreeStyle Libre 3
14.07.2026 19:10,"104,0",CamAPS FreeStyle Libre 3
14.07.2026 19:15,"113,0",CamAPS FreeStyle Libre 3
14.07.2026 19:20,"114,0",CamAPS FreeStyle Libre 3
14.07.2026 19:25,"117,0",CamAPS FreeStyle Libre 3
14.07.2026 19:30,"138,0",CamAPS FreeStyle Libre 3
14.07.2026 19:35,"160,0",CamAPS FreeStyle Libre 3
14.07.2026 19:40,"183,0",CamAPS FreeStyle Libre 3
14.07.2026 19:45,"187,0",CamAPS FreeStyle Libre 3
14.07.2026 19:50,"190,0",CamAPS FreeStyle Libre 3
14.07.2026 19:55,"208,0",CamAPS FreeStyle Libre 3
14.07.2026 20:00,"215,0",CamAPS FreeStyle Libre 3
14.07.2026 20:05,"224,0",CamAPS FreeStyle Libre 3
14.07.2026 20:10,"220,0",CamAPS FreeStyle Libre 3
14.07.2026 20:15,"222,0",CamAPS FreeStyle Libre 3
14.07.2026 20:20,"227,0",CamAPS FreeStyle Libre 3
14.07.2026 20:25,"233,0",CamAPS FreeStyle Libre 3
14.07.2026 20:30,"235,0",CamAPS FreeStyle Libre 3
14.07.2026 20:35,"233,0",CamAPS FreeStyle Libre 3
14.07.2026 20:40,"225,0",CamAPS FreeStyle Libre 3
14.07.2026 20:45,"209,0",CamAPS FreeStyle Libre 3
14.07.2026 20:50,"207,0",CamAPS FreeStyle Libre 3
14.07.2026 20:55,"200,0",CamAPS FreeStyle Libre 3
14.07.2026 21:00,"204,0",CamAPS FreeStyle Libre 3
14.07.2026 21:05,"190,0",CamAPS FreeStyle Libre 3
14.07.2026 21:10,"182,0",CamAPS FreeStyle Libre 3
14.07.2026 21:15,"176,0",CamAPS FreeStyle Libre 3
14.07.2026 21:20,"168,0",CamAPS FreeStyle Libre 3
14.07.2026 21:25,"161,0",CamAPS FreeStyle Libre 3
14.07.2026 21:30,"151,0",CamAPS FreeStyle Libre 3
14.07.2026 21:35,"149,0",CamAPS FreeStyle Libre 3
14.07.2026 21:40,"148,0",CamAPS FreeStyle Libre 3
14.07.2026 21:45,"150,0",CamAPS FreeStyle Libre 3
14.07.2026 21:50,"147,0",CamAPS FreeStyle Libre 3
14.07.2026 22:05,"136,0",CamAPS FreeStyle Libre 3
14.07.2026 22:10,"143,0",CamAPS FreeStyle Libre 3
14.07.2026 22:15,"140,0",CamAPS FreeStyle Libre 3
14.07.2026 22:20,"132,0",CamAPS FreeStyle Libre 3
14.07.2026 22:25,"127,0",CamAPS FreeStyle Libre 3
14.07.2026 22:30,"136,0",CamAPS FreeStyle Libre 3
14.07.2026 22:35,"136,0",CamAPS FreeStyle Libre 3
14.07.2026 22:40,"130,0",CamAPS FreeStyle Libre 3
14.07.2026 22:45,"131,0",CamAPS FreeStyle Libre 3
14.07.2026 22:50,"133,0",CamAPS FreeStyle Libre 3
14.07.2026 22:55,"121,0",CamAPS FreeStyle Libre 3
14.07.2026 23:00,"119,0",CamAPS FreeStyle Libre 3
14.07.2026 23:05,"120,0",CamAPS FreeStyle Libre 3
14.07.2026 23:10,"121,0",CamAPS FreeStyle Libre 3
14.07.2026 23:15,"124,0",CamAPS FreeStyle Libre 3
14.07.2026 23:20,"120,0",CamAPS FreeStyle Libre 3
14.07.2026 23:25,"106,0",CamAPS FreeStyle Libre 3
14.07.2026 23:30,"107,0",CamAPS FreeStyle Libre 3
14.07.2026 23:35,"105,0",CamAPS FreeStyle Libre 3
14.07.2026 23:40,"106,0",CamAPS FreeStyle Libre 3
14.07.2026 23:45,"99,0",CamAPS FreeStyle Libre 3
14.07.2026 23:50,"102,0",CamAPS FreeStyle Libre 3
14.07.2026 23:55,"105,0",CamAPS FreeStyle Libre 3
